source,device_id,date,events_raw,events_after_day_filter,total_events,bytes_total,bytes_per_event,unique_src_ip,unique_dst_ip,action_accept_count,action_accept_rate,action_deny_count,action_deny_rate,action_client-rst_count,action_client-rst_rate,action_server-rst_count,action_server-rst_rate,action_timeout_count,action_timeout_rate,action_passthrough_count,action_passthrough_rate,unique_proto,unique_service,unique_policy,unique_user
fortigate,FG100E4Q17018934,2025-09-21,34556.0,34556.0,274.0,232922.0,850.0802919708029,4.0,6.0,218.0,0.7956204379562044,0.0,0.0,0.0,0.0,2.0,0.0072992700729927005,0.0,0.0,0.0,0.0,3.0,4.0,1.0,0.0
fortigate,FG100E4Q17018934,2025-09-22,34560.0,34560.0,236.0,225996.0,957.6101694915254,4.0,5.0,170.0,0.7203389830508474,0.0,0.0,0.0,0.0,2.0,0.00847457627118644,0.0,0.0,0.0,0.0,2.0,3.0,1.0,0.0
fortigate,FG100E4Q17018934,2025-09-23,34556.0,34556.0,202.0,161166.0,797.8514851485148,4.0,8.0,170.0,0.8415841584158416,0.0,0.0,0.0,0.0,4.0,0.019801980198019802,2.0,0.009900990099009901,0.0,0.0,3.0,4.0,1.0,0.0
fortigate,FG100E4Q17018934,2025-09-24,34560.0,34560.0,226.0,200400.0,886.7256637168142,4.0,5.0,166.0,0.7345132743362832,0.0,0.0,0.0,0.0,2.0,0.008849557522123894,0.0,0.0,0.0,0.0,2.0,3.0,1.0,0.0
fortigate,FG100E4Q17018934,2025-09-25,34556.0,34556.0,238.0,238854.0,1003.5882352941177,5.0,7.0,196.0,0.8235294117647058,0.0,0.0,0.0,0.0,2.0,0.008403361344537815,0.0,0.0,0.0,0.0,3.0,4.0,1.0,0.0
fortigate,FG100E4Q17018934,2025-09-26,34560.0,34560.0,266.0,251422.0,945.1954887218045,5.0,6.0,198.0,0.7443609022556391,0.0,0.0,0.0,0.0,2.0,0.007518796992481203,0.0,0.0,0.0,0.0,2.0,3.0,1.0,0.0
fortigate,FG100E4Q17018934,2025-09-27,34560.0,34560.0,226.0,164656.0,728.566371681416,4.0,8.0,192.0,0.8495575221238938,0.0,0.0,0.0,0.0,2.0,0.008849557522123894,0.0,0.0,0.0,0.0,3.0,4.0,1.0,0.0
fortigate,FG100E4Q17018934,2025-09-28,34556.0,34556.0,272.0,232812.0,855.9264705882352,6.0,12.0,210.0,0.7720588235294118,0.0,0.0,0.0,0.0,8.0,0.029411764705882353,0.0,0.0,0.0,0.0,3.0,4.0,1.0,0.0
fortigate,FG100E4Q17018934,2025-09-29,34560.0,34560.0,244.0,228548.0,936.672131147541,3.0,5.0,190.0,0.7786885245901639,0.0,0.0,0.0,0.0,2.0,0.00819672131147541,0.0,0.0,0.0,0.0,2.0,3.0,1.0,0.0
fortigate,FG100E4Q17018934,2025-09-30,34556.0,34556.0,162.0,170732.0,1053.9012345679012,5.0,6.0,124.0,0.7654320987654321,0.0,0.0,0.0,0.0,2.0,0.012345679012345678,2.0,0.012345679012345678,0.0,0.0,2.0,3.0,1.0,0.0
fortigate,FG100E4Q17018934,2025-10-01,34560.0,34560.0,212.0,236310.0,1114.6698113207547,5.0,7.0,150.0,0.7075471698113207,0.0,0.0,0.0,0.0,6.0,0.02830188679245283,0.0,0.0,0.0,0.0,2.0,3.0,1.0,0.0
fortigate,FG100E4Q17018934,2025-10-02,34556.0,34556.0,214.0,178164.0,832.5420560747664,6.0,8.0,152.0,0.7102803738317757,0.0,0.0,0.0,0.0,22.0,0.102803738317757,2.0,0.009345794392523364,0.0,0.0,2.0,4.0,1.0,0.0
fortigate,FG100E4Q17018934,2025-10-03,34560.0,34560.0,242.0,287340.0,1187.3553719008264,6.0,11.0,140.0,0.5785123966942148,0.0,0.0,0.0,0.0,24.0,0.09917355371900827,16.0,0.06611570247933884,0.0,0.0,3.0,5.0,1.0,0.0
fortigate,FG100E4Q17018934,2025-10-04,34556.0,34556.0,288.0,195190.0,677.7430555555555,5.0,7.0,196.0,0.6805555555555556,0.0,0.0,0.0,0.0,30.0,0.10416666666666667,22.0,0.0763888888888889,0.0,0.0,3.0,5.0,1.0,0.0
fortigate,FG100E4Q17018934,2025-10-05,34560.0,34560.0,344.0,373306.0,1085.1918604651162,6.0,7.0,224.0,0.6511627906976745,0.0,0.0,0.0,0.0,30.0,0.0872093023255814,8.0,0.023255813953488372,0.0,0.0,2.0,4.0,1.0,0.0
fortigate,FG100E4Q17018934,2025-10-06,34556.0,34556.0,294.0,241048.0,819.8911564625851,6.0,6.0,190.0,0.6462585034013606,0.0,0.0,0.0,0.0,28.0,0.09523809523809523,16.0,0.05442176870748299,0.0,0.0,2.0,4.0,1.0,0.0
fortigate,FG100E4Q17018934,2025-10-07,34560.0,34560.0,318.0,320388.0,1007.5094339622641,5.0,8.0,216.0,0.6792452830188679,0.0,0.0,0.0,0.0,46.0,0.14465408805031446,14.0,0.0440251572327044,0.0,0.0,2.0,5.0,1.0,0.0
fortigate,FG100E4Q17018934,2025-10-08,34556.0,34556.0,266.0,381838.0,1435.4812030075188,7.0,13.0,188.0,0.706766917293233,0.0,0.0,0.0,0.0,20.0,0.07518796992481203,0.0,0.0,0.0,0.0,3.0,7.0,1.0,0.0
fortigate,FG100E4Q17018934,2025-10-09,34560.0,34560.0,168.0,107902.0,642.2738095238095,4.0,4.0,138.0,0.8214285714285714,0.0,0.0,0.0,0.0,2.0,0.011904761904761904,0.0,0.0,0.0,0.0,2.0,3.0,1.0,0.0
fortigate,FG100E4Q17018934,2025-10-10,34556.0,34556.0,202.0,231078.0,1143.950495049505,3.0,6.0,154.0,0.7623762376237624,0.0,0.0,0.0,0.0,6.0,0.0297029702970297,0.0,0.0,0.0,0.0,2.0,3.0,1.0,0.0
fortigate,FG100E4Q17018934,2025-10-11,34560.0,34560.0,286.0,248436.0,868.6573426573426,4.0,8.0,224.0,0.7832167832167832,0.0,0.0,0.0,0.0,0.0,0.0,2.0,0.006993006993006993,0.0,0.0,3.0,4.0,1.0,0.0
fortigate,FG100E4Q17018934,2025-10-12,34556.0,34556.0,248.0,205530.0,828.75,4.0,6.0,196.0,0.7903225806451613,0.0,0.0,0.0,0.0,6.0,0.024193548387096774,0.0,0.0,0.0,0.0,2.0,3.0,1.0,0.0
fortigate,FG100E4Q17018934,2025-10-13,34560.0,34560.0,288.0,301352.0,1046.361111111111,4.0,7.0,220.0,0.7638888888888888,0.0,0.0,0.0,0.0,4.0,0.013888888888888888,0.0,0.0,0.0,0.0,3.0,4.0,1.0,0.0
fortigate,FG100E4Q17018934,2025-10-14,34556.0,34556.0,228.0,237034.0,1039.622807017544,4.0,9.0,178.0,0.7807017543859649,0.0,0.0,0.0,0.0,2.0,0.008771929824561403,0.0,0.0,0.0,0.0,3.0,5.0,1.0,0.0
fortigate,FG100E4Q17018934,2025-10-15,34556.0,34556.0,250.0,211166.0,844.664,4.0,9.0,208.0,0.832,0.0,0.0,0.0,0.0,2.0,0.008,0.0,0.0,0.0,0.0,3.0,4.0,1.0,0.0
fortigate,FG100E4Q17018934,2025-10-16,34560.0,34560.0,232.0,282982.0,1219.75,3.0,8.0,168.0,0.7241379310344828,0.0,0.0,0.0,0.0,2.0,0.008620689655172414,0.0,0.0,0.0,0.0,3.0,5.0,1.0,0.0
fortigate,FG100E4Q17018934,2025-10-17,34556.0,34556.0,260.0,294366.0,1132.176923076923,3.0,6.0,206.0,0.7923076923076923,0.0,0.0,0.0,0.0,4.0,0.015384615384615385,0.0,0.0,0.0,0.0,3.0,4.0,1.0,0.0
fortigate,FG100E4Q17018934,2025-10-18,34560.0,34560.0,250.0,247128.0,988.512,4.0,6.0,174.0,0.696,0.0,0.0,0.0,0.0,4.0,0.016,0.0,0.0,0.0,0.0,2.0,3.0,1.0,0.0
fortigate,FG100E4Q17018934,2025-10-19,51834.0,51834.0,405.0,352503.0,870.3777777777777,4.0,7.0,309.0,0.762962962962963,0.0,0.0,0.0,0.0,6.0,0.014814814814814815,3.0,0.007407407407407408,0.0,0.0,2.0,3.0,1.0,0.0
fortigate,FG100E4Q17018934,2025-10-20,51840.0,51840.0,333.0,297141.0,892.3153153153153,4.0,4.0,234.0,0.7027027027027027,0.0,0.0,0.0,0.0,0.0,0.0,0.0,0.0,0.0,0.0,2.0,2.0,1.0,0.0
fortigate,FG100E4Q17018934,2025-10-21,29226.0,29226.0,169.0,179724.0,1063.4556213017752,4.0,5.0,126.0,0.7455621301775148,0.0,0.0,0.0,0.0,3.0,0.01775147928994083,0.0,0.0,0.0,0.0,2.0,3.0,1.0,0.0
fortigate,FG100FTK21007153,2025-09-21,34556.0,34556.0,1540.0,600980579146.0,390247129.3155844,103.0,167.0,418.0,0.2714285714285714,586.0,0.38051948051948054,68.0,0.04415584415584416,164.0,0.10649350649350649,0.0,0.0,0.0,0.0,4.0,67.0,2.0,26.0
fortigate,FG100FTK21007153,2025-09-22,34560.0,34560.0,1796.0,199929006.0,111319.0456570156,142.0,287.0,554.0,0.30846325167037864,528.0,0.29398663697104677,106.0,0.05902004454342984,200.0,0.111358574610245,8.0,0.004454342984409799,0.0,0.0,3.0,69.0,2.0,21.0
fortigate,FG100FTK21007153,2025-09-23,34556.0,34556.0,2952.0,438262994.0,148463.07384823848,167.0,521.0,1138.0,0.38550135501355015,724.0,0.24525745257452575,340.0,0.11517615176151762,224.0,0.07588075880758807,16.0,0.005420054200542005,0.0,0.0,4.0,82.0,2.0,16.0
fortigate,FG100FTK21007153,2025-09-24,34560.0,34560.0,2358.0,332616622326.0,141058788.0941476,155.0,437.0,702.0,0.29770992366412213,664.0,0.28159457167090757,190.0,0.08057675996607294,264.0,0.11195928753180662,18.0,0.007633587786259542,0.0,0.0,3.0,71.0,2.0,9.0
fortigate,FG100FTK21007153,2025-09-25,34556.0,34556.0,2830.0,1510358546.0,533695.5992932862,148.0,489.0,984.0,0.34770318021201413,900.0,0.31802120141342755,180.0,0.0636042402826855,238.0,0.08409893992932863,20.0,0.007067137809187279,0.0,0.0,4.0,103.0,2.0,23.0
fortigate,FG100FTK21007153,2025-09-26,34560.0,34560.0,2534.0,222463286.0,87791.35201262825,162.0,461.0,848.0,0.3346487766377269,718.0,0.2833464877663773,310.0,0.122336227308603,160.0,0.06314127861089187,20.0,0.007892659826361484,0.0,0.0,3.0,127.0,2.0,15.0
fortigate,FG100FTK21007153,2025-09-27,34560.0,34560.0,1896.0,741988270584.0,391344024.56962025,145.0,246.0,418.0,0.22046413502109705,856.0,0.45147679324894513,144.0,0.0759493670886076,166.0,0.08755274261603375,6.0,0.0031645569620253164,0.0,0.0,4.0,135.0,2.0,20.0
fortigate,FG100FTK21007153,2025-09-28,34556.0,34556.0,1472.0,134121162.0,91114.91983695653,110.0,127.0,368.0,0.25,658.0,0.4470108695652174,58.0,0.03940217391304348,160.0,0.10869565217391304,0.0,0.0,0.0,0.0,3.0,120.0,2.0,27.0
fortigate,FG100FTK21007153,2025-09-29,34560.0,34560.0,1906.0,262053296.0,137488.61280167892,149.0,291.0,560.0,0.2938090241343127,538.0,0.28226652675760755,182.0,0.09548793284365163,188.0,0.09863588667366212,8.0,0.004197271773347324,0.0,0.0,4.0,123.0,2.0,29.0
fortigate,FG100FTK21007153,2025-09-30,34556.0,34556.0,2624.0,390596320544.0,148855305.08536586,153.0,457.0,904.0,0.3445121951219512,750.0,0.2858231707317073,314.0,0.11966463414634146,198.0,0.07545731707317073,38.0,0.014481707317073171,0.0,0.0,4.0,115.0,2.0,29.0
fortigate,FG100FTK21007153,2025-10-01,34560.0,34560.0,3056.0,1609357916376.0,526622354.83507854,144.0,336.0,782.0,0.25589005235602097,1610.0,0.5268324607329843,184.0,0.060209424083769635,136.0,0.04450261780104712,12.0,0.003926701570680628,0.0,0.0,3.0,72.0,2.0,31.0
fortigate,FG100FTK21007153,2025-10-02,34556.0,34556.0,2696.0,175308678.0,65025.474035608306,149.0,417.0,808.0,0.2997032640949555,934.0,0.3464391691394659,288.0,0.10682492581602374,154.0,0.05712166172106825,22.0,0.008160237388724036,0.0,0.0,4.0,109.0,2.0,15.0
fortigate,FG100FTK21007153,2025-10-03,34560.0,34560.0,2374.0,269810976.0,113652.4751474305,161.0,384.0,786.0,0.33108677337826453,754.0,0.3176074136478517,202.0,0.08508845829823083,240.0,0.10109519797809605,8.0,0.003369839932603201,0.0,0.0,4.0,114.0,2.0,27.0
fortigate,FG100FTK21007153,2025-10-04,34556.0,34556.0,1980.0,21208588640.0,10711408.404040404,122.0,249.0,608.0,0.30707070707070705,858.0,0.43333333333333335,120.0,0.06060606060606061,116.0,0.05858585858585859,14.0,0.007070707070707071,0.0,0.0,4.0,97.0,2.0,22.0
fortigate,FG100FTK21007153,2025-10-05,34560.0,34560.0,1468.0,110008108.0,74937.40326975477,102.0,130.0,400.0,0.2724795640326976,622.0,0.42370572207084467,72.0,0.04904632152588556,134.0,0.09128065395095368,22.0,0.014986376021798364,0.0,0.0,3.0,97.0,2.0,18.0
fortigate,FG100FTK21007153,2025-10-06,34556.0,34556.0,1654.0,168314012.0,101761.7968561064,119.0,291.0,488.0,0.2950423216444982,444.0,0.26844014510278114,170.0,0.10278113663845223,186.0,0.1124546553808948,10.0,0.006045949214026602,0.0,0.0,3.0,81.0,2.0,25.0
fortigate,FG100FTK21007153,2025-10-07,34560.0,34560.0,2488.0,61077694724.0,24548912.670418005,150.0,478.0,938.0,0.3770096463022508,556.0,0.22347266881028938,312.0,0.12540192926045016,202.0,0.08118971061093247,36.0,0.014469453376205787,0.0,0.0,3.0,108.0,2.0,14.0
fortigate,FG100FTK21007153,2025-10-08,34556.0,34556.0,2448.0,38210016426.0,15608666.840686275,150.0,426.0,894.0,0.36519607843137253,624.0,0.2549019607843137,246.0,0.10049019607843138,192.0,0.0784313725490196,20.0,0.008169934640522876,0.0,0.0,3.0,89.0,2.0,21.0
fortigate,FG100FTK21007153,2025-10-09,34560.0,34560.0,2496.0,577671190.0,231438.77804487178,136.0,462.0,910.0,0.3645833333333333,590.0,0.23637820512820512,242.0,0.09695512820512821,168.0,0.0673076923076923,16.0,0.00641025641025641,0.0,0.0,3.0,79.0,2.0,29.0
fortigate,FG100FTK21007153,2025-10-10,34556.0,34556.0,2160.0,73731527724.0,34134966.53888889,138.0,382.0,728.0,0.337037037037037,466.0,0.21574074074074073,288.0,0.13333333333333333,172.0,0.07962962962962963,8.0,0.003703703703703704,0.0,0.0,3.0,87.0,2.0,30.0
fortigate,FG100FTK21007153,2025-10-11,34560.0,34560.0,2166.0,79972223846.0,36921617.657433055,140.0,339.0,642.0,0.296398891966759,692.0,0.31948291782086796,232.0,0.10710987996306556,120.0,0.055401662049861494,10.0,0.0046168051708217915,0.0,0.0,4.0,99.0,2.0,32.0
fortigate,FG100FTK21007153,2025-10-12,34556.0,34556.0,1512.0,114304832.0,75598.43386243386,102.0,143.0,552.0,0.36507936507936506,540.0,0.35714285714285715,60.0,0.03968253968253968,104.0,0.06878306878306878,2.0,0.0013227513227513227,0.0,0.0,4.0,108.0,2.0,17.0
fortigate,FG100FTK21007153,2025-10-13,34560.0,34560.0,2272.0,911585276.0,401225.91373239434,156.0,302.0,746.0,0.3283450704225352,678.0,0.2984154929577465,130.0,0.05721830985915493,172.0,0.07570422535211267,14.0,0.006161971830985915,0.0,0.0,3.0,96.0,2.0,43.0
fortigate,FG100FTK21007153,2025-10-14,34556.0,34556.0,3334.0,272165468.0,81633.31373725255,146.0,499.0,1002.0,0.3005398920215957,826.0,0.247750449910018,242.0,0.07258548290341932,186.0,0.05578884223155369,12.0,0.003599280143971206,0.0,0.0,4.0,91.0,2.0,37.0
fortigate,FG100FTK21007153,2025-10-15,34556.0,34556.0,2664.0,882748656.0,331362.1081081081,161.0,456.0,870.0,0.32657657657657657,754.0,0.283033033033033,198.0,0.07432432432432433,238.0,0.08933933933933934,4.0,0.0015015015015015015,0.0,0.0,4.0,106.0,2.0,41.0
fortigate,FG100FTK21007153,2025-10-16,34560.0,34560.0,2462.0,475243058.0,193031.298943948,142.0,416.0,766.0,0.31112916328188467,752.0,0.30544272948822093,256.0,0.10398050365556458,182.0,0.07392363931762795,24.0,0.00974817221770918,0.0,0.0,3.0,82.0,2.0,26.0
fortigate,FG100FTK21007153,2025-10-17,34556.0,34556.0,2514.0,104304420034.0,41489427.22116149,152.0,454.0,906.0,0.360381861575179,656.0,0.2609387430389817,248.0,0.09864757358790771,180.0,0.07159904534606205,4.0,0.0015910898965791568,0.0,0.0,3.0,109.0,3.0,20.0
fortigate,FG100FTK21007153,2025-10-18,34560.0,34560.0,2664.0,784814276.0,294599.95345345343,135.0,315.0,1230.0,0.4617117117117117,556.0,0.2087087087087087,156.0,0.05855855855855856,240.0,0.09009009009009009,6.0,0.0022522522522522522,0.0,0.0,3.0,107.0,3.0,16.0
fortigate,FG100FTK21007153,2025-10-19,51834.0,51834.0,3774.0,1354354299.0,358864.41414944356,98.0,239.0,1596.0,0.42289348171701113,909.0,0.24085850556438793,126.0,0.033386327503974564,339.0,0.08982511923688394,9.0,0.0023847376788553257,0.0,0.0,2.0,118.0,3.0,17.0
fortigate,FG100FTK21007153,2025-10-20,51840.0,51840.0,4314.0,113997693606.0,26425056.468706537,143.0,349.0,1926.0,0.44645340751043117,939.0,0.21766342141863698,258.0,0.059805285118219746,270.0,0.06258692628650904,27.0,0.006258692628650904,0.0,0.0,4.0,142.0,3.0,12.0
fortigate,FG100FTK21007153,2025-10-21,29226.0,29226.0,2285.0,1191858894.0,521601.2665207877,110.0,245.0,1203.0,0.5264770240700218,435.0,0.19037199124726478,152.0,0.06652078774617068,109.0,0.04770240700218818,15.0,0.006564551422319475,0.0,0.0,3.0,80.0,3.0,9.0
fortigate,FG100FTK23080008,2025-09-21,34556.0,34556.0,2550.0,2321157804.0,910257.9623529412,209.0,232.0,552.0,0.2164705882352941,1136.0,0.4454901960784314,164.0,0.06431372549019608,222.0,0.08705882352941176,8.0,0.003137254901960784,0.0,0.0,4.0,35.0,9.0,25.0
fortigate,FG100FTK23080008,2025-09-22,34560.0,34560.0,3670.0,2674281354.0,728687.017438692,282.0,402.0,648.0,0.176566757493188,1814.0,0.4942779291553134,294.0,0.08010899182561308,278.0,0.07574931880108991,8.0,0.0021798365122615805,0.0,0.0,5.0,41.0,8.0,23.0
fortigate,FG100FTK23080008,2025-09-23,34556.0,34556.0,3404.0,11178214800.0,3283846.8860164513,321.0,539.0,890.0,0.26145710928319627,1016.0,0.2984723854289072,460.0,0.13513513513513514,326.0,0.09576968272620447,20.0,0.005875440658049354,0.0,0.0,4.0,49.0,7.0,42.0
fortigate,FG100FTK23080008,2025-09-24,34560.0,34560.0,4556.0,3085992792.0,677346.9692712906,319.0,584.0,1116.0,0.24495171202809482,1766.0,0.38762071992976294,456.0,0.10008779631255488,348.0,0.07638279192273925,12.0,0.0026338893766461808,0.0,0.0,5.0,49.0,10.0,34.0
fortigate,FG100FTK23080008,2025-09-25,34556.0,34556.0,4204.0,5287232304.0,1257667.0561370123,330.0,569.0,1214.0,0.2887725975261656,1316.0,0.31303520456707895,434.0,0.10323501427212178,368.0,0.08753568030447194,4.0,0.0009514747859181732,0.0,0.0,4.0,41.0,8.0,23.0
fortigate,FG100FTK23080008,2025-09-26,34560.0,34560.0,4652.0,4234664268.0,910288.9656061908,320.0,597.0,1164.0,0.25021496130696474,1868.0,0.40154772141014616,478.0,0.10275150472914875,370.0,0.07953568357695615,4.0,0.0008598452278589854,0.0,0.0,4.0,56.0,9.0,24.0
fortigate,FG100FTK23080008,2025-09-27,34560.0,34560.0,2790.0,5580165312.0,2000059.2516129033,285.0,343.0,712.0,0.25519713261648747,1140.0,0.40860215053763443,192.0,0.06881720430107527,268.0,0.0960573476702509,16.0,0.005734767025089606,0.0,0.0,4.0,53.0,8.0,39.0
fortigate,FG100FTK23080008,2025-09-28,34556.0,34556.0,2982.0,1250472392.0,419340.17169684777,210.0,209.0,518.0,0.17370892018779344,1718.0,0.5761234071093226,170.0,0.05700871898054997,244.0,0.0818242790073776,4.0,0.0013413816230717639,0.0,0.0,5.0,49.0,8.0,38.0
fortigate,FG100FTK23080008,2025-09-29,34560.0,34560.0,2878.0,749403356.0,260390.3252258513,287.0,354.0,612.0,0.2126476719944406,1154.0,0.4009728978457262,300.0,0.10423905489923559,326.0,0.113273106323836,12.0,0.004169562195969423,0.0,0.0,3.0,55.0,10.0,32.0
fortigate,FG100FTK23080008,2025-09-30,34556.0,34556.0,4206.0,14965776038.0,3558196.8706609607,324.0,554.0,1042.0,0.24774132192106516,1464.0,0.34807417974322397,440.0,0.10461245839277224,356.0,0.08464098906324298,18.0,0.0042796005706134095,0.0,0.0,4.0,47.0,8.0,45.0
fortigate,FG100FTK23080008,2025-10-01,34560.0,34560.0,4100.0,8666530032.0,2113787.8126829267,349.0,583.0,1156.0,0.2819512195121951,1030.0,0.25121951219512195,498.0,0.12146341463414634,404.0,0.09853658536585366,6.0,0.0014634146341463415,0.0,0.0,4.0,46.0,8.0,45.0
fortigate,FG100FTK23080008,2025-10-02,34556.0,34556.0,4572.0,1667105418.0,364633.7309711286,330.0,649.0,1190.0,0.26027996500437445,1652.0,0.36132983377077865,494.0,0.10804899387576553,346.0,0.07567804024496938,10.0,0.0021872265966754157,0.0,0.0,4.0,44.0,8.0,35.0
fortigate,FG100FTK23080008,2025-10-03,34560.0,34560.0,4144.0,2034730294.0,491006.34507722006,329.0,650.0,1308.0,0.3156370656370656,1036.0,0.25,496.0,0.11969111969111969,296.0,0.07142857142857142,18.0,0.004343629343629344,0.0,0.0,4.0,54.0,8.0,33.0
fortigate,FG100FTK23080008,2025-10-04,34556.0,34556.0,3370.0,9387155720.0,2785506.1483679526,268.0,408.0,722.0,0.2142433234421365,1562.0,0.4635014836795252,286.0,0.08486646884272997,232.0,0.06884272997032641,26.0,0.00771513353115727,0.0,0.0,4.0,55.0,8.0,30.0
fortigate,FG100FTK23080008,2025-10-05,34560.0,34560.0,2974.0,1226469672.0,412397.3342299933,234.0,230.0,554.0,0.1862811028917283,1490.0,0.5010087424344317,190.0,0.06388702084734364,236.0,0.07935440484196368,14.0,0.004707464694014795,0.0,0.0,4.0,50.0,8.0,24.0
fortigate,FG100FTK23080008,2025-10-06,34556.0,34556.0,3914.0,1699283830.0,434155.296371998,291.0,460.0,782.0,0.199795605518651,1782.0,0.45528870720490544,380.0,0.0970873786407767,246.0,0.0628513030148186,32.0,0.008175779253960144,0.0,0.0,4.0,43.0,9.0,28.0
fortigate,FG100FTK23080008,2025-10-07,34560.0,34560.0,4262.0,38855257824.0,9116672.412951665,363.0,557.0,1340.0,0.3144063819802909,1254.0,0.29422806194274986,432.0,0.10136086344439231,366.0,0.08587517597372125,22.0,0.005161895823557016,0.0,0.0,4.0,76.0,9.0,32.0
fortigate,FG100FTK23080008,2025-10-08,34556.0,34556.0,5004.0,1867016572.0,373104.83053557156,351.0,635.0,1274.0,0.2545963229416467,1816.0,0.36290967226219023,520.0,0.10391686650679456,352.0,0.07034372501998401,16.0,0.0031974420463629096,0.0,0.0,4.0,66.0,10.0,26.0
fortigate,FG100FTK23080008,2025-10-09,34560.0,34560.0,4784.0,3688679108.0,771044.9640468227,359.0,698.0,1438.0,0.30058528428093645,1106.0,0.23118729096989968,626.0,0.13085284280936454,340.0,0.07107023411371237,22.0,0.00459866220735786,0.0,0.0,4.0,61.0,9.0,63.0
fortigate,FG100FTK23080008,2025-10-10,34556.0,34556.0,4558.0,10190409312.0,2235719.462922334,342.0,572.0,1266.0,0.27775340061430454,1570.0,0.3444493198771391,430.0,0.09433962264150944,336.0,0.07371654234313295,10.0,0.002193944712593243,0.0,0.0,4.0,49.0,9.0,57.0
fortigate,FG100FTK23080008,2025-10-11,34560.0,34560.0,3268.0,9452346914.0,2892395.016523868,314.0,351.0,746.0,0.22827417380660955,1308.0,0.40024479804161567,244.0,0.07466340269277846,294.0,0.08996328029375765,22.0,0.006731946144430845,0.0,0.0,4.0,54.0,11.0,36.0
fortigate,FG100FTK23080008,2025-10-12,34556.0,34556.0,3366.0,4287437430.0,1273748.4937611409,228.0,236.0,532.0,0.15805109922756982,1982.0,0.5888294711824124,192.0,0.0570409982174688,206.0,0.061200237670825906,16.0,0.004753416518122401,0.0,0.0,4.0,67.0,10.0,32.0
fortigate,FG100FTK23080008,2025-10-13,34560.0,34560.0,3716.0,2576730438.0,693415.0801937567,345.0,413.0,842.0,0.22658772874058128,1444.0,0.38858988159311086,346.0,0.09311087190527449,316.0,0.08503767491926803,14.0,0.003767491926803014,0.0,0.0,5.0,53.0,10.0,44.0
fortigate,FG100FTK23080008,2025-10-14,34556.0,34556.0,4542.0,4592250320.0,1011063.4786437693,343.0,587.0,1234.0,0.2716864817261119,1646.0,0.3623954205195949,386.0,0.08498458828709819,342.0,0.07529722589167767,20.0,0.004403346543372964,0.0,0.0,3.0,42.0,7.0,55.0
fortigate,FG100FTK23080008,2025-10-15,34556.0,34556.0,4662.0,3025295990.0,648926.6387816388,360.0,664.0,1416.0,0.30373230373230375,1226.0,0.262977262977263,478.0,0.10253110253110254,372.0,0.07979407979407979,12.0,0.002574002574002574,0.0,0.0,4.0,40.0,8.0,57.0
fortigate,FG100FTK23080008,2025-10-16,34560.0,34560.0,4528.0,1379241216.0,304602.74204946996,328.0,600.0,1172.0,0.2588339222614841,1584.0,0.3498233215547703,492.0,0.10865724381625441,308.0,0.06802120141342756,18.0,0.003975265017667844,0.0,0.0,3.0,43.0,10.0,35.0
fortigate,FG100FTK23080008,2025-10-17,34556.0,34556.0,4140.0,12027012594.0,2905075.5057971017,343.0,519.0,966.0,0.23333333333333334,1606.0,0.3879227053140097,468.0,0.11304347826086956,292.0,0.07053140096618357,12.0,0.002898550724637681,0.0,0.0,3.0,46.0,8.0,31.0
fortigate,FG100FTK23080008,2025-10-18,34560.0,34560.0,4152.0,21097945234.0,5081393.360789981,252.0,362.0,680.0,0.16377649325626203,2462.0,0.5929672447013488,218.0,0.05250481695568401,270.0,0.06502890173410404,20.0,0.004816955684007707,0.0,0.0,4.0,43.0,9.0,26.0
fortigate,FG100FTK23080008,2025-10-19,51834.0,51834.0,4884.0,2050797978.0,419901.3058968059,203.0,208.0,708.0,0.14496314496314497,2994.0,0.6130221130221131,216.0,0.044226044226044224,423.0,0.0866093366093366,18.0,0.0036855036855036856,0.0,0.0,4.0,48.0,8.0,14.0
fortigate,FG100FTK23080008,2025-10-20,51840.0,51840.0,5886.0,13933341720.0,2367200.4281345564,276.0,374.0,894.0,0.15188583078491336,3348.0,0.5688073394495413,393.0,0.06676860346585117,378.0,0.06422018348623854,15.0,0.0025484199796126403,0.0,0.0,4.0,57.0,10.0,25.0
fortigate,FG100FTK23080008,2025-10-21,29226.0,29226.0,3799.0,2635898210.0,693840.0131613583,232.0,374.0,1028.0,0.2705975256646486,1643.0,0.43248223216635956,303.0,0.07975783100816004,157.0,0.0413266649118189,24.0,0.006317451961042379,0.0,0.0,4.0,45.0,9.0,9.0
fortigate,FG100FTK23080622,2025-09-21,34556.0,34556.0,854.0,385572356.0,451489.8782201405,24.0,101.0,304.0,0.3559718969555035,0.0,0.0,24.0,0.02810304449648712,22.0,0.02576112412177986,42.0,0.04918032786885246,0.0,0.0,2.0,11.0,2.0,25.0
fortigate,FG100FTK23080622,2025-09-22,34560.0,34560.0,784.0,381042786.0,486023.9617346939,33.0,106.0,278.0,0.35459183673469385,0.0,0.0,44.0,0.05612244897959184,18.0,0.02295918367346939,20.0,0.025510204081632654,0.0,0.0,3.0,14.0,2.0,25.0
fortigate,FG100FTK23080622,2025-09-23,34556.0,34556.0,702.0,26908062918.0,38330573.95726496,22.0,108.0,246.0,0.3504273504273504,0.0,0.0,52.0,0.07407407407407407,32.0,0.045584045584045586,34.0,0.04843304843304843,0.0,0.0,3.0,13.0,2.0,23.0
fortigate,FG100FTK23080622,2025-09-24,34560.0,34560.0,558.0,195969638.0,351200.0681003584,27.0,91.0,180.0,0.3225806451612903,0.0,0.0,50.0,0.08960573476702509,20.0,0.035842293906810034,42.0,0.07526881720430108,0.0,0.0,2.0,10.0,2.0,24.0
fortigate,FG100FTK23080622,2025-09-25,34556.0,34556.0,676.0,73508934.0,108741.02662721893,28.0,94.0,222.0,0.32840236686390534,0.0,0.0,70.0,0.10355029585798817,20.0,0.029585798816568046,32.0,0.047337278106508875,0.0,0.0,2.0,10.0,3.0,23.0
fortigate,FG100FTK23080622,2025-09-26,34560.0,34560.0,636.0,63081746.0,99185.13522012578,26.0,108.0,166.0,0.2610062893081761,0.0,0.0,70.0,0.11006289308176101,30.0,0.04716981132075472,32.0,0.050314465408805034,0.0,0.0,2.0,12.0,2.0,23.0
fortigate,FG100FTK23080622,2025-09-27,34560.0,34560.0,454.0,77825676.0,171422.19383259912,21.0,51.0,162.0,0.3568281938325991,0.0,0.0,26.0,0.05726872246696035,12.0,0.02643171806167401,12.0,0.02643171806167401,0.0,0.0,2.0,10.0,2.0,15.0
fortigate,FG100FTK23080622,2025-09-28,34556.0,34556.0,562.0,82327054.0,146489.41992882563,22.0,45.0,170.0,0.302491103202847,0.0,0.0,4.0,0.0071174377224199285,12.0,0.021352313167259787,22.0,0.03914590747330961,0.0,0.0,2.0,10.0,2.0,35.0
fortigate,FG100FTK23080622,2025-09-29,34560.0,34560.0,424.0,72844082.0,171802.08018867925,25.0,46.0,92.0,0.2169811320754717,0.0,0.0,16.0,0.03773584905660377,6.0,0.014150943396226415,26.0,0.06132075471698113,0.0,0.0,3.0,12.0,2.0,49.0
fortigate,FG100FTK23080622,2025-09-30,34556.0,34556.0,584.0,4547446358.0,7786723.215753425,28.0,75.0,144.0,0.2465753424657534,0.0,0.0,26.0,0.04452054794520548,16.0,0.0273972602739726,26.0,0.04452054794520548,0.0,0.0,3.0,12.0,2.0,33.0
fortigate,FG100FTK23080622,2025-10-01,34560.0,34560.0,698.0,165673358.0,237354.3810888252,28.0,80.0,198.0,0.2836676217765043,0.0,0.0,56.0,0.08022922636103152,18.0,0.025787965616045846,4.0,0.0057306590257879654,0.0,0.0,3.0,14.0,2.0,27.0
fortigate,FG100FTK23080622,2025-10-02,34556.0,34556.0,682.0,126160676.0,184986.32844574781,30.0,90.0,160.0,0.23460410557184752,0.0,0.0,72.0,0.10557184750733138,22.0,0.03225806451612903,18.0,0.026392961876832845,0.0,0.0,2.0,10.0,2.0,26.0
fortigate,FG100FTK23080622,2025-10-03,34560.0,34560.0,688.0,203112816.0,295222.11627906974,26.0,102.0,226.0,0.32848837209302323,0.0,0.0,60.0,0.0872093023255814,28.0,0.040697674418604654,26.0,0.0377906976744186,0.0,0.0,3.0,14.0,3.0,32.0
fortigate,FG100FTK23080622,2025-10-04,34556.0,34556.0,506.0,16490602000.0,32590122.52964427,26.0,60.0,142.0,0.28063241106719367,0.0,0.0,40.0,0.07905138339920949,18.0,0.03557312252964427,6.0,0.011857707509881422,0.0,0.0,2.0,12.0,2.0,22.0
fortigate,FG100FTK23080622,2025-10-05,34560.0,34560.0,802.0,437068462.0,544973.144638404,30.0,83.0,298.0,0.371571072319202,0.0,0.0,38.0,0.04738154613466334,22.0,0.02743142144638404,6.0,0.007481296758104738,0.0,0.0,3.0,15.0,2.0,27.0
fortigate,FG100FTK23080622,2025-10-06,34556.0,34556.0,804.0,369076252.0,459050.0646766169,29.0,105.0,236.0,0.2935323383084577,0.0,0.0,54.0,0.06716417910447761,38.0,0.0472636815920398,42.0,0.05223880597014925,0.0,0.0,3.0,14.0,3.0,22.0
fortigate,FG100FTK23080622,2025-10-07,34560.0,34560.0,774.0,31479720486.0,40671473.49612403,26.0,130.0,266.0,0.34366925064599485,2.0,0.002583979328165375,68.0,0.08785529715762273,18.0,0.023255813953488372,44.0,0.056847545219638244,0.0,0.0,2.0,13.0,2.0,20.0
fortigate,FG100FTK23080622,2025-10-08,34556.0,34556.0,670.0,294160954.0,439046.2,27.0,95.0,202.0,0.30149253731343284,0.0,0.0,60.0,0.08955223880597014,30.0,0.04477611940298507,20.0,0.029850746268656716,0.0,0.0,2.0,10.0,2.0,25.0
fortigate,FG100FTK23080622,2025-10-09,34560.0,34560.0,612.0,216626408.0,353964.71895424835,30.0,97.0,190.0,0.3104575163398693,0.0,0.0,62.0,0.10130718954248366,18.0,0.029411764705882353,20.0,0.032679738562091505,0.0,0.0,2.0,10.0,2.0,25.0
fortigate,FG100FTK23080622,2025-10-10,34556.0,34556.0,794.0,1494432186.0,1882156.4055415618,29.0,119.0,340.0,0.4282115869017632,0.0,0.0,66.0,0.08312342569269521,28.0,0.03526448362720403,30.0,0.037783375314861464,0.0,0.0,2.0,12.0,3.0,34.0
fortigate,FG100FTK23080622,2025-10-11,34560.0,34560.0,566.0,390038328.0,689113.6537102474,31.0,88.0,194.0,0.34275618374558303,0.0,0.0,44.0,0.07773851590106007,24.0,0.04240282685512368,28.0,0.04946996466431095,0.0,0.0,2.0,9.0,2.0,41.0
fortigate,FG100FTK23080622,2025-10-12,34556.0,34556.0,348.0,432823234.0,1243744.9252873564,25.0,60.0,112.0,0.3218390804597701,0.0,0.0,36.0,0.10344827586206896,20.0,0.05747126436781609,20.0,0.05747126436781609,0.0,0.0,3.0,11.0,2.0,27.0
fortigate,FG100FTK23080622,2025-10-13,34560.0,34560.0,452.0,439679614.0,972742.5088495575,33.0,84.0,154.0,0.3407079646017699,0.0,0.0,44.0,0.09734513274336283,14.0,0.030973451327433628,20.0,0.04424778761061947,0.0,0.0,3.0,9.0,2.0,40.0
fortigate,FG100FTK23080622,2025-10-14,34556.0,34556.0,534.0,442333024.0,828338.9962546816,35.0,92.0,222.0,0.4157303370786517,0.0,0.0,42.0,0.07865168539325842,18.0,0.033707865168539325,18.0,0.033707865168539325,0.0,0.0,2.0,12.0,3.0,41.0
fortigate,FG100FTK23080622,2025-10-15,34556.0,34556.0,614.0,785977630.0,1280093.8599348534,37.0,101.0,302.0,0.49185667752442996,0.0,0.0,44.0,0.07166123778501629,28.0,0.04560260586319218,18.0,0.029315960912052116,0.0,0.0,2.0,12.0,2.0,35.0
fortigate,FG100FTK23080622,2025-10-16,34560.0,34560.0,504.0,409332572.0,812167.8015873015,30.0,95.0,182.0,0.3611111111111111,0.0,0.0,68.0,0.1349206349206349,34.0,0.06746031746031746,20.0,0.03968253968253968,0.0,0.0,2.0,13.0,2.0,15.0
fortigate,FG100FTK23080622,2025-10-17,34556.0,34556.0,482.0,413749284.0,858401.0041493776,27.0,93.0,172.0,0.35684647302904565,0.0,0.0,64.0,0.13278008298755187,20.0,0.04149377593360996,12.0,0.024896265560165973,0.0,0.0,3.0,14.0,2.0,22.0
fortigate,FG100FTK23080622,2025-10-18,34560.0,34560.0,288.0,437109622.0,1517741.7430555555,21.0,60.0,92.0,0.3194444444444444,0.0,0.0,30.0,0.10416666666666667,16.0,0.05555555555555555,8.0,0.027777777777777776,0.0,0.0,2.0,10.0,2.0,14.0
fortigate,FG100FTK23080622,2025-10-19,51834.0,51834.0,468.0,43204492185.0,92317290.99358974,19.0,44.0,123.0,0.26282051282051283,0.0,0.0,21.0,0.04487179487179487,27.0,0.057692307692307696,24.0,0.05128205128205128,0.0,0.0,2.0,9.0,2.0,22.0
fortigate,FG100FTK23080622,2025-10-20,51840.0,51840.0,522.0,720055410.0,1379416.4942528736,27.0,66.0,168.0,0.3218390804597701,0.0,0.0,66.0,0.12643678160919541,12.0,0.022988505747126436,15.0,0.028735632183908046,0.0,0.0,2.0,10.0,2.0,24.0
fortigate,FG100FTK23080622,2025-10-21,29226.0,29226.0,395.0,838291504.0,2122256.972151899,15.0,66.0,185.0,0.46835443037974683,0.0,0.0,46.0,0.11645569620253164,25.0,0.06329113924050633,3.0,0.007594936708860759,0.0,0.0,3.0,11.0,2.0,7.0
fortigate,FG200ETK18902811,2025-09-21,34556.0,34556.0,12.0,380.0,31.666666666666668,2.0,1.0,4.0,0.3333333333333333,0.0,0.0,0.0,0.0,0.0,0.0,0.0,0.0,0.0,0.0,1.0,1.0,1.0,1.0
fortigate,FG200ETK18902811,2025-09-22,34560.0,34560.0,10.0,0.0,0.0,1.0,0.0,0.0,0.0,0.0,0.0,0.0,0.0,0.0,0.0,0.0,0.0,0.0,0.0,0.0,0.0,0.0,1.0
fortigate,FG200ETK18902811,2025-09-23,34556.0,34556.0,12.0,0.0,0.0,4.0,0.0,0.0,0.0,0.0,0.0,0.0,0.0,0.0,0.0,0.0,0.0,0.0,0.0,0.0,0.0,0.0,4.0
fortigate,FG200ETK18902811,2025-09-24,34560.0,34560.0,16.0,0.0,0.0,5.0,0.0,0.0,0.0,0.0,0.0,0.0,0.0,0.0,0.0,0.0,0.0,0.0,0.0,0.0,0.0,0.0,4.0
fortigate,FG200ETK18902811,2025-09-25,34556.0,34556.0,6.0,0.0,0.0,2.0,0.0,0.0,0.0,0.0,0.0,0.0,0.0,0.0,0.0,0.0,0.0,0.0,0.0,0.0,0.0,0.0,2.0
fortigate,FG200ETK18902811,2025-09-26,34560.0,34560.0,4.0,0.0,0.0,1.0,0.0,0.0,0.0,0.0,0.0,0.0,0.0,0.0,0.0,0.0,0.0,0.0,0.0,0.0,0.0,0.0,1.0
fortigate,FG200ETK18902811,2025-09-27,34560.0,34560.0,8.0,0.0,0.0,2.0,0.0,0.0,0.0,0.0,0.0,0.0,0.0,0.0,0.0,0.0,0.0,0.0,0.0,0.0,0.0,0.0,1.0
fortigate,FG200ETK18902811,2025-09-28,34556.0,34556.0,10.0,0.0,0.0,3.0,0.0,0.0,0.0,0.0,0.0,0.0,0.0,0.0,0.0,0.0,0.0,0.0,0.0,0.0,0.0,0.0,3.0
fortigate,FG200ETK18902811,2025-09-29,34560.0,34560.0,12.0,0.0,0.0,2.0,0.0,0.0,0.0,0.0,0.0,0.0,0.0,0.0,0.0,0.0,0.0,0.0,0.0,0.0,0.0,0.0,2.0
fortigate,FG200ETK18902811,2025-10-01,34560.0,34560.0,56.0,0.0,0.0,1.0,0.0,0.0,0.0,0.0,0.0,0.0,0.0,0.0,0.0,0.0,0.0,0.0,0.0,0.0,0.0,0.0,2.0
fortigate,FG200ETK18902811,2025-10-02,34556.0,34556.0,12.0,0.0,0.0,2.0,0.0,0.0,0.0,0.0,0.0,0.0,0.0,0.0,0.0,0.0,0.0,0.0,0.0,0.0,0.0,0.0,3.0
fortigate,FG200ETK18902811,2025-10-03,34560.0,34560.0,10.0,0.0,0.0,3.0,0.0,0.0,0.0,0.0,0.0,0.0,0.0,0.0,0.0,0.0,0.0,0.0,0.0,0.0,0.0,0.0,3.0
fortigate,FG200ETK18902811,2025-10-04,34556.0,34556.0,12.0,0.0,0.0,2.0,0.0,0.0,0.0,0.0,0.0,0.0,0.0,0.0,0.0,0.0,0.0,0.0,0.0,0.0,0.0,0.0,2.0
fortigate,FG200ETK18902811,2025-10-05,34560.0,34560.0,18.0,0.0,0.0,2.0,0.0,0.0,0.0,0.0,0.0,0.0,0.0,0.0,0.0,0.0,0.0,0.0,0.0,0.0,0.0,0.0,4.0
fortigate,FG200ETK18902811,2025-10-06,34556.0,34556.0,2.0,0.0,0.0,1.0,0.0,0.0,0.0,0.0,0.0,0.0,0.0,0.0,0.0,0.0,0.0,0.0,0.0,0.0,0.0,0.0,1.0
fortigate,FG200ETK18902811,2025-10-07,34560.0,34560.0,16.0,0.0,0.0,5.0,0.0,0.0,0.0,0.0,0.0,0.0,0.0,0.0,0.0,0.0,0.0,0.0,0.0,0.0,0.0,0.0,4.0
fortigate,FG200ETK18902811,2025-10-08,34556.0,34556.0,42.0,0.0,0.0,2.0,0.0,0.0,0.0,0.0,0.0,0.0,0.0,0.0,0.0,0.0,0.0,0.0,0.0,0.0,0.0,0.0,3.0
fortigate,FG200ETK18902811,2025-10-09,34560.0,34560.0,6.0,0.0,0.0,3.0,0.0,0.0,0.0,0.0,0.0,0.0,0.0,0.0,0.0,0.0,0.0,0.0,0.0,0.0,0.0,0.0,3.0
fortigate,FG200ETK18902811,2025-10-10,34556.0,34556.0,4.0,0.0,0.0,1.0,0.0,0.0,0.0,0.0,0.0,0.0,0.0,0.0,0.0,0.0,0.0,0.0,0.0,0.0,0.0,0.0,1.0
fortigate,FG200ETK18902811,2025-10-11,34560.0,34560.0,44.0,0.0,0.0,3.0,0.0,0.0,0.0,0.0,0.0,0.0,0.0,0.0,0.0,0.0,0.0,0.0,0.0,0.0,0.0,0.0,4.0
fortigate,FG200ETK18902811,2025-10-12,34556.0,34556.0,12.0,380.0,31.666666666666668,2.0,1.0,4.0,0.3333333333333333,0.0,0.0,0.0,0.0,0.0,0.0,0.0,0.0,0.0,0.0,1.0,1.0,1.0,2.0
fortigate,FG200ETK18902811,2025-10-13,34560.0,34560.0,22.0,190.0,8.636363636363637,3.0,1.0,2.0,0.09090909090909091,0.0,0.0,0.0,0.0,0.0,0.0,0.0,0.0,0.0,0.0,1.0,1.0,1.0,1.0
fortigate,FG200ETK18902811,2025-10-14,34556.0,34556.0,12.0,0.0,0.0,4.0,0.0,0.0,0.0,0.0,0.0,0.0,0.0,0.0,0.0,0.0,0.0,0.0,0.0,0.0,0.0,0.0,4.0
fortigate,FG200ETK18902811,2025-10-15,34556.0,34556.0,10.0,0.0,0.0,1.0,0.0,0.0,0.0,0.0,0.0,0.0,0.0,0.0,0.0,0.0,0.0,0.0,0.0,0.0,0.0,0.0,2.0
fortigate,FG200ETK18902811,2025-10-16,34560.0,34560.0,6.0,0.0,0.0,2.0,0.0,0.0,0.0,0.0,0.0,0.0,0.0,0.0,0.0,0.0,0.0,0.0,0.0,0.0,0.0,0.0,1.0
fortigate,FG200ETK18902811,2025-10-17,34556.0,34556.0,10.0,0.0,0.0,2.0,0.0,0.0,0.0,0.0,0.0,0.0,0.0,0.0,0.0,0.0,0.0,0.0,0.0,0.0,0.0,0.0,2.0
fortigate,FG200ETK18902811,2025-10-18,34560.0,34560.0,16.0,0.0,0.0,3.0,0.0,0.0,0.0,0.0,0.0,0.0,0.0,0.0,0.0,0.0,0.0,0.0,0.0,0.0,0.0,0.0,2.0
fortigate,FG200ETK18902811,2025-10-19,51834.0,51834.0,36.0,0.0,0.0,6.0,0.0,0.0,0.0,0.0,0.0,0.0,0.0,0.0,0.0,0.0,0.0,0.0,0.0,0.0,0.0,0.0,6.0
fortigate,FG200ETK18902811,2025-10-20,51840.0,51840.0,9.0,0.0,0.0,1.0,0.0,0.0,0.0,0.0,0.0,0.0,0.0,0.0,0.0,0.0,0.0,0.0,0.0,0.0,0.0,0.0,2.0
fortigate,FG200ETK18902811,2025-10-21,29226.0,29226.0,7.0,0.0,0.0,1.0,0.0,0.0,0.0,0.0,0.0,0.0,0.0,0.0,0.0,0.0,0.0,0.0,0.0,0.0,0.0,0.0,1.0
fortigate,FG200ETK18905867,2025-09-21,34556.0,34556.0,10052.0,130616421172.0,12994072.937922802,288.0,441.0,2056.0,0.20453641066454437,372.0,0.03700756068444091,898.0,0.08933545563072025,616.0,0.06128133704735376,112.0,0.011142061281337047,52.0,0.005173099880620772,4.0,116.0,4.0,76.0
fortigate,FG200ETK18905867,2025-09-22,34560.0,34560.0,7730.0,21764055568.0,2815531.1213454073,284.0,391.0,1328.0,0.17179818887451487,288.0,0.037257438551099614,670.0,0.08667529107373868,368.0,0.04760672703751617,70.0,0.009055627425614488,30.0,0.0038809831824062097,3.0,98.0,5.0,82.0
fortigate,FG200ETK18905867,2025-09-23,34556.0,34556.0,6444.0,2321638626.0,360279.11638733704,364.0,545.0,1498.0,0.2324643078833023,292.0,0.04531346989447548,690.0,0.10707635009310987,476.0,0.07386716325263812,62.0,0.009621353196772191,56.0,0.008690254500310366,3.0,129.0,5.0,109.0
fortigate,FG200ETK18905867,2025-09-24,34560.0,34560.0,7188.0,3438471464.0,478362.7523650529,419.0,652.0,1532.0,0.21313299944351696,370.0,0.05147468002225932,988.0,0.13745130773511408,502.0,0.06983861992209238,50.0,0.006956037840845854,52.0,0.007234279354479688,3.0,126.0,5.0,109.0
fortigate,FG200ETK18905867,2025-09-25,34556.0,34556.0,6462.0,382872049024.0,59249775.46022903,389.0,514.0,1294.0,0.2002476013618075,246.0,0.03806870937790158,660.0,0.1021355617455896,396.0,0.06128133704735376,42.0,0.0064995357474466105,38.0,0.005880532342927886,3.0,120.0,4.0,112.0
fortigate,FG200ETK18905867,2025-09-26,34560.0,34560.0,6204.0,12530177224.0,2019693.2985170858,368.0,446.0,1080.0,0.17408123791102514,280.0,0.04513217279174726,612.0,0.09864603481624758,338.0,0.054480980012894906,76.0,0.012250161186331399,66.0,0.010638297872340425,4.0,130.0,4.0,103.0
fortigate,FG200ETK18905867,2025-09-27,34560.0,34560.0,8356.0,506026641718.0,60558477.94614648,428.0,535.0,1412.0,0.16898037338439445,388.0,0.04643370033508856,814.0,0.0974150311153662,446.0,0.0533748204882719,108.0,0.01292484442316898,48.0,0.0057443752991862135,4.0,167.0,4.0,98.0
fortigate,FG200ETK18905867,2025-09-28,34556.0,34556.0,8746.0,171375470154.0,19594725.60644866,305.0,377.0,1358.0,0.1552709810198948,434.0,0.04962268465584267,824.0,0.09421449805625429,482.0,0.05511090784358564,64.0,0.007317630916990624,34.0,0.0038874914246512693,4.0,154.0,4.0,71.0
fortigate,FG200ETK18905867,2025-09-29,34560.0,34560.0,8660.0,131940173738.0,15235585.881986143,333.0,463.0,1572.0,0.1815242494226328,392.0,0.045265588914549654,792.0,0.09145496535796767,418.0,0.048267898383371824,136.0,0.015704387990762125,34.0,0.003926096997690531,4.0,147.0,4.0,109.0
fortigate,FG200ETK18905867,2025-09-30,34556.0,34556.0,7018.0,241051201964.0,34347563.68823027,351.0,534.0,1346.0,0.19179253348532346,212.0,0.030208036477628954,750.0,0.10686805357651753,318.0,0.04531205471644343,50.0,0.007124536905101168,64.0,0.009119407238529496,3.0,114.0,4.0,108.0
fortigate,FG200ETK18905867,2025-10-01,34560.0,34560.0,7822.0,690196809892.0,88237894.3866019,396.0,592.0,1406.0,0.17974942469956534,300.0,0.0383533623114293,774.0,0.0989516747634876,392.0,0.05011506008693429,82.0,0.01048325236512401,36.0,0.004602403477371516,3.0,124.0,5.0,119.0
fortigate,FG200ETK18905867,2025-10-02,34556.0,34556.0,5720.0,997184674.0,174332.98496503496,324.0,395.0,818.0,0.14300699300699302,232.0,0.04055944055944056,564.0,0.0986013986013986,300.0,0.05244755244755245,40.0,0.006993006993006993,18.0,0.003146853146853147,3.0,99.0,4.0,106.0
fortigate,FG200ETK18905867,2025-10-03,34560.0,34560.0,7124.0,1281734442866.0,179917805.00645706,355.0,407.0,1106.0,0.15524985962942167,272.0,0.0381807973048849,518.0,0.07271195957327344,328.0,0.04604154969118473,72.0,0.010106681639528355,30.0,0.004211117349803481,3.0,111.0,5.0,95.0
fortigate,FG200ETK18905867,2025-10-04,34556.0,34556.0,8732.0,639460521312.0,73231850.81447549,348.0,493.0,1388.0,0.15895556573522676,262.0,0.03000458085203848,978.0,0.11200183234081539,422.0,0.048327989005955106,98.0,0.011223087494273936,40.0,0.004580852038479157,4.0,124.0,5.0,99.0
fortigate,FG200ETK18905867,2025-10-05,34560.0,34560.0,9170.0,1481537843704.0,161563559.83685932,242.0,398.0,1748.0,0.1906215921483097,368.0,0.04013086150490731,838.0,0.09138495092693566,500.0,0.05452562704471101,64.0,0.00697928026172301,26.0,0.0028353326063249727,3.0,140.0,5.0,73.0
fortigate,FG200ETK18905867,2025-10-06,34556.0,34556.0,10036.0,31297684600.0,3118541.7098445594,329.0,442.0,1992.0,0.19848545237146273,364.0,0.03626943005181347,1020.0,0.10163411717815862,570.0,0.05679553607014747,70.0,0.006974890394579514,18.0,0.0017935432443204463,4.0,106.0,4.0,91.0
fortigate,FG200ETK18905867,2025-10-07,34560.0,34560.0,7828.0,2586315574.0,330392.8939703628,396.0,601.0,1590.0,0.20311701584057232,282.0,0.03602452733776188,824.0,0.10526315789473684,444.0,0.056719468574348494,68.0,0.008686765457332652,28.0,0.0035769034236075624,4.0,122.0,4.0,119.0
fortigate,FG200ETK18905867,2025-10-08,34556.0,34556.0,8156.0,26904372842.0,3298721.535311427,395.0,626.0,1774.0,0.2175085826385483,328.0,0.04021579205492889,910.0,0.11157430112800393,436.0,0.05345757724374693,56.0,0.006866110838646395,56.0,0.006866110838646395,4.0,128.0,4.0,115.0
fortigate,FG200ETK18905867,2025-10-09,34560.0,34560.0,6910.0,129371960590.0,18722425.555716354,342.0,465.0,1238.0,0.17916063675832128,232.0,0.03357452966714906,624.0,0.09030390738060781,404.0,0.05846599131693198,78.0,0.011287988422575976,28.0,0.004052098408104197,3.0,95.0,4.0,109.0
fortigate,FG200ETK18905867,2025-10-10,34556.0,34556.0,7196.0,4114431554.0,571766.4749861034,364.0,505.0,1432.0,0.1989994441356309,238.0,0.033073929961089495,780.0,0.10839355197331851,472.0,0.06559199555308505,32.0,0.0044469149527515284,30.0,0.004168982768204558,4.0,103.0,4.0,108.0
fortigate,FG200ETK18905867,2025-10-11,34560.0,34560.0,8160.0,14979921608.0,1835774.706862745,357.0,482.0,1420.0,0.17401960784313725,242.0,0.029656862745098038,1066.0,0.1306372549019608,466.0,0.0571078431372549,82.0,0.010049019607843138,26.0,0.0031862745098039215,4.0,107.0,5.0,110.0
fortigate,FG200ETK18905867,2025-10-12,34556.0,34556.0,9994.0,4578718300.0,458146.7180308185,273.0,388.0,1326.0,0.13267960776465879,322.0,0.03221933159895938,1410.0,0.14108465079047428,510.0,0.051030618371022615,74.0,0.007404442665599359,30.0,0.003001801080648389,3.0,130.0,4.0,85.0
fortigate,FG200ETK18905867,2025-10-13,34560.0,34560.0,8966.0,21610522802.0,2410274.6823555655,291.0,419.0,1420.0,0.15837608744144546,274.0,0.030559892928842293,1296.0,0.14454606290430516,488.0,0.05442783850100379,58.0,0.006468882444791434,24.0,0.0026767789426723177,4.0,98.0,5.0,95.0
fortigate,FG200ETK18905867,2025-10-14,34556.0,34556.0,7060.0,2409945898.0,341352.1101983003,340.0,523.0,1160.0,0.1643059490084986,174.0,0.024645892351274786,972.0,0.1376770538243626,344.0,0.04872521246458923,32.0,0.004532577903682719,16.0,0.0022662889518413596,3.0,97.0,4.0,105.0
fortigate,FG200ETK18905867,2025-10-15,34556.0,34556.0,7072.0,24741531210.0,3498519.684671946,362.0,559.0,1460.0,0.20644796380090497,230.0,0.03252262443438914,1212.0,0.17138009049773756,410.0,0.05797511312217195,30.0,0.004242081447963801,34.0,0.004807692307692308,3.0,106.0,5.0,112.0
fortigate,FG200ETK18905867,2025-10-16,34560.0,34560.0,7246.0,73859950210.0,10193203.175545128,367.0,467.0,1256.0,0.1733370135247033,200.0,0.02760143527463428,1042.0,0.1438034777808446,388.0,0.053546784432790505,36.0,0.0049682583494341705,28.0,0.0038642009384487995,4.0,102.0,5.0,113.0
fortigate,FG200ETK18905867,2025-10-17,34556.0,34556.0,5786.0,56050100046.0,9687193.23297615,340.0,464.0,972.0,0.1679917041133771,146.0,0.02523332181126858,822.0,0.1420670584168683,308.0,0.053231939163498096,30.0,0.005184929139301763,22.0,0.0038022813688212928,3.0,95.0,4.0,109.0
fortigate,FG200ETK18905867,2025-10-18,34560.0,34560.0,7210.0,10067343484.0,1396302.8410540915,341.0,439.0,1148.0,0.15922330097087378,250.0,0.03467406380027739,1248.0,0.17309292649098473,410.0,0.056865464632454926,46.0,0.0063800277392510405,24.0,0.00332871012482663,4.0,103.0,5.0,112.0
fortigate,FG200ETK18905867,2025-10-19,51834.0,51834.0,13116.0,262763385306.0,20033804.91811528,257.0,379.0,2163.0,0.1649130832570906,513.0,0.039112534309240624,1641.0,0.12511436413540714,693.0,0.05283623055809698,66.0,0.005032021957913998,18.0,0.0013723696248856359,4.0,148.0,5.0,77.0
fortigate,FG200ETK18905867,2025-10-20,51840.0,51840.0,13251.0,214356392934.0,16176620.099162327,326.0,455.0,2466.0,0.18609916232737153,579.0,0.04369481548562373,2328.0,0.17568485397328504,738.0,0.055693909893592936,87.0,0.0065655422232284355,27.0,0.0020375820692777906,4.0,143.0,5.0,98.0
fortigate,FG200ETK18905867,2025-10-21,29226.0,29226.0,5153.0,12104418432.0,2349004.1591306035,296.0,421.0,1013.0,0.19658451387541237,136.0,0.026392392780904328,1032.0,0.20027168639627402,276.0,0.05356103240830584,51.0,0.009897147292839123,16.0,0.0031049873859887445,4.0,81.0,4.0,101.0
fortigate,FGT30E3U17006691,2025-09-21,34556.0,34556.0,134.0,23000.0,171.6417910447761,10.0,7.0,2.0,0.014925373134328358,126.0,0.9402985074626866,0.0,0.0,2.0,0.014925373134328358,0.0,0.0,0.0,0.0,2.0,6.0,1.0,0.0
fortigate,FGT30E3U17006691,2025-09-22,34560.0,34560.0,138.0,608.0,4.405797101449275,9.0,7.0,6.0,0.043478260869565216,126.0,0.9130434782608695,0.0,0.0,0.0,0.0,0.0,0.0,0.0,0.0,1.0,7.0,1.0,0.0
fortigate,FGT30E3U17006691,2025-09-23,34556.0,34556.0,140.0,235754306408.0,1683959331.4857142,11.0,8.0,2.0,0.014285714285714285,128.0,0.9142857142857143,0.0,0.0,2.0,0.014285714285714285,0.0,0.0,0.0,0.0,2.0,9.0,1.0,0.0
fortigate,FGT30E3U17006691,2025-09-24,34560.0,34560.0,108.0,0.0,0.0,11.0,5.0,0.0,0.0,102.0,0.9444444444444444,0.0,0.0,0.0,0.0,0.0,0.0,0.0,0.0,1.0,6.0,1.0,0.0
fortigate,FGT30E3U17006691,2025-09-25,34556.0,34556.0,120.0,0.0,0.0,6.0,4.0,0.0,0.0,116.0,0.9666666666666667,0.0,0.0,0.0,0.0,0.0,0.0,0.0,0.0,1.0,4.0,1.0,0.0
fortigate,FGT30E3U17006691,2025-09-26,34560.0,34560.0,152.0,23598.0,155.25,14.0,6.0,4.0,0.02631578947368421,142.0,0.9342105263157895,0.0,0.0,2.0,0.013157894736842105,0.0,0.0,0.0,0.0,2.0,8.0,1.0,0.0
fortigate,FGT30E3U17006691,2025-09-27,34560.0,34560.0,132.0,0.0,0.0,6.0,5.0,0.0,0.0,120.0,0.9090909090909091,0.0,0.0,0.0,0.0,0.0,0.0,0.0,0.0,1.0,5.0,1.0,0.0
fortigate,FGT30E3U17006691,2025-09-28,34556.0,34556.0,96.0,148046712090.0,1542153250.9375,4.0,3.0,0.0,0.0,92.0,0.9583333333333334,0.0,0.0,0.0,0.0,0.0,0.0,0.0,0.0,1.0,3.0,1.0,0.0
fortigate,FGT30E3U17006691,2025-09-29,34560.0,34560.0,142.0,0.0,0.0,9.0,6.0,0.0,0.0,140.0,0.9859154929577465,0.0,0.0,0.0,0.0,0.0,0.0,0.0,0.0,1.0,7.0,1.0,0.0
fortigate,FGT30E3U17006691,2025-09-30,34556.0,34556.0,104.0,158920761980.0,1528084249.8076923,8.0,4.0,0.0,0.0,98.0,0.9423076923076923,0.0,0.0,0.0,0.0,0.0,0.0,0.0,0.0,1.0,5.0,1.0,0.0
fortigate,FGT30E3U17006691,2025-10-01,34560.0,34560.0,100.0,22942.0,229.42,7.0,7.0,0.0,0.0,94.0,0.94,0.0,0.0,2.0,0.02,0.0,0.0,0.0,0.0,2.0,6.0,1.0,0.0
fortigate,FGT30E3U17006691,2025-10-02,34556.0,34556.0,112.0,304.0,2.7142857142857144,9.0,6.0,2.0,0.017857142857142856,110.0,0.9821428571428571,0.0,0.0,0.0,0.0,0.0,0.0,0.0,0.0,1.0,8.0,1.0,0.0
fortigate,FGT30E3U17006691,2025-10-03,34560.0,34560.0,118.0,1477154344.0,12518257.152542373,8.0,6.0,2.0,0.01694915254237288,112.0,0.9491525423728814,0.0,0.0,0.0,0.0,0.0,0.0,0.0,0.0,1.0,5.0,1.0,0.0
fortigate,FGT30E3U17006691,2025-10-04,34556.0,34556.0,106.0,0.0,0.0,9.0,5.0,0.0,0.0,104.0,0.9811320754716981,0.0,0.0,0.0,0.0,0.0,0.0,0.0,0.0,1.0,5.0,1.0,0.0
fortigate,FGT30E3U17006691,2025-10-05,34560.0,34560.0,142.0,24054.0,169.3943661971831,5.0,6.0,8.0,0.056338028169014086,128.0,0.9014084507042254,0.0,0.0,2.0,0.014084507042253521,0.0,0.0,0.0,0.0,2.0,5.0,1.0,0.0
fortigate,FGT30E3U17006691,2025-10-06,34556.0,34556.0,122.0,12752855158.0,104531599.6557377,9.0,7.0,4.0,0.03278688524590164,108.0,0.8852459016393442,0.0,0.0,0.0,0.0,0.0,0.0,0.0,0.0,1.0,5.0,1.0,0.0
fortigate,FGT30E3U17006691,2025-10-07,34560.0,34560.0,176.0,304.0,1.7272727272727273,12.0,6.0,2.0,0.011363636363636364,168.0,0.9545454545454546,0.0,0.0,0.0,0.0,0.0,0.0,0.0,0.0,1.0,7.0,1.0,0.0
fortigate,FGT30E3U17006691,2025-10-08,34556.0,34556.0,80.0,22838.0,285.475,7.0,5.0,0.0,0.0,72.0,0.9,0.0,0.0,2.0,0.025,0.0,0.0,0.0,0.0,2.0,5.0,1.0,0.0
fortigate,FGT30E3U17006691,2025-10-09,34560.0,34560.0,104.0,37053322120.0,356281943.46153843,10.0,4.0,0.0,0.0,102.0,0.9807692307692307,0.0,0.0,0.0,0.0,0.0,0.0,0.0,0.0,1.0,7.0,1.0,0.0
fortigate,FGT30E3U17006691,2025-10-10,34556.0,34556.0,110.0,856.0,7.781818181818182,15.0,8.0,6.0,0.05454545454545454,104.0,0.9454545454545454,0.0,0.0,0.0,0.0,0.0,0.0,0.0,0.0,2.0,11.0,1.0,0.0
fortigate,FGT30E3U17006691,2025-10-11,34560.0,34560.0,146.0,608.0,4.164383561643835,11.0,7.0,4.0,0.0273972602739726,140.0,0.958904109589041,0.0,0.0,0.0,0.0,0.0,0.0,0.0,0.0,1.0,8.0,1.0,0.0
fortigate,FGT30E3U17006691,2025-10-12,34556.0,34556.0,174.0,52448153578.0,301426169.9885057,8.0,6.0,4.0,0.022988505747126436,166.0,0.9540229885057471,0.0,0.0,0.0,0.0,0.0,0.0,0.0,0.0,1.0,7.0,1.0,0.0
fortigate,FGT30E3U17006691,2025-10-13,34560.0,34560.0,158.0,37070.0,234.62025316455697,8.0,8.0,2.0,0.012658227848101266,150.0,0.9493670886075949,0.0,0.0,2.0,0.012658227848101266,0.0,0.0,0.0,0.0,2.0,10.0,1.0,0.0
fortigate,FGT30E3U17006691,2025-10-14,34556.0,34556.0,104.0,2888.0,27.76923076923077,10.0,9.0,10.0,0.09615384615384616,92.0,0.8846153846153846,0.0,0.0,0.0,0.0,0.0,0.0,0.0,0.0,2.0,8.0,1.0,0.0
fortigate,FGT30E3U17006691,2025-10-15,34556.0,34556.0,128.0,0.0,0.0,8.0,5.0,0.0,0.0,124.0,0.96875,0.0,0.0,0.0,0.0,0.0,0.0,0.0,0.0,1.0,6.0,1.0,0.0
fortigate,FGT30E3U17006691,2025-10-16,34560.0,34560.0,134.0,298148.0,2224.9850746268658,12.0,8.0,4.0,0.029850746268656716,120.0,0.8955223880597015,0.0,0.0,2.0,0.014925373134328358,0.0,0.0,0.0,0.0,2.0,9.0,1.0,0.0
fortigate,FGT30E3U17006691,2025-10-17,34556.0,34556.0,160.0,912.0,5.7,13.0,8.0,6.0,0.0375,148.0,0.925,0.0,0.0,0.0,0.0,0.0,0.0,0.0,0.0,1.0,6.0,1.0,0.0
fortigate,FGT30E3U17006691,2025-10-18,34560.0,34560.0,134.0,152.0,1.1343283582089552,10.0,6.0,2.0,0.014925373134328358,122.0,0.9104477611940298,0.0,0.0,0.0,0.0,0.0,0.0,0.0,0.0,2.0,5.0,1.0,0.0
fortigate,FGT30E3U17006691,2025-10-19,51834.0,51834.0,249.0,912.0,3.6626506024096384,7.0,6.0,9.0,0.03614457831325301,231.0,0.927710843373494,0.0,0.0,0.0,0.0,0.0,0.0,0.0,0.0,1.0,6.0,1.0,0.0
fortigate,FGT30E3U17006691,2025-10-20,51840.0,51840.0,171.0,34413.0,201.24561403508773,10.0,6.0,3.0,0.017543859649122806,162.0,0.9473684210526315,0.0,0.0,3.0,0.017543859649122806,0.0,0.0,0.0,0.0,2.0,8.0,1.0,0.0
fortigate,FGT30E3U17006691,2025-10-21,29226.0,29226.0,104.0,0.0,0.0,4.0,3.0,0.0,0.0,104.0,1.0,0.0,0.0,0.0,0.0,0.0,0.0,0.0,0.0,1.0,4.0,1.0,0.0
fortigate,FGT30E5620039354,2025-09-21,34556.0,34556.0,302.0,3815671586.0,12634674.125827815,10.0,10.0,14.0,0.046357615894039736,256.0,0.847682119205298,0.0,0.0,0.0,0.0,0.0,0.0,0.0,0.0,3.0,7.0,1.0,0.0
fortigate,FGT30E5620039354,2025-09-22,34560.0,34560.0,268.0,3448.0,12.865671641791044,12.0,12.0,10.0,0.03731343283582089,228.0,0.8507462686567164,0.0,0.0,0.0,0.0,0.0,0.0,0.0,0.0,4.0,11.0,1.0,0.0
fortigate,FGT30E5620039354,2025-09-23,34556.0,34556.0,336.0,760.0,2.261904761904762,10.0,6.0,10.0,0.02976190476190476,304.0,0.9047619047619048,0.0,0.0,0.0,0.0,0.0,0.0,0.0,0.0,2.0,6.0,1.0,0.0
fortigate,FGT30E5620039354,2025-09-24,34560.0,34560.0,484.0,704.0,1.4545454545454546,12.0,9.0,6.0,0.012396694214876033,464.0,0.9586776859504132,0.0,0.0,0.0,0.0,0.0,0.0,0.0,0.0,3.0,8.0,1.0,0.0
fortigate,FGT30E5620039354,2025-09-25,34556.0,34556.0,424.0,3566019222.0,8410422.693396226,15.0,11.0,16.0,0.03773584905660377,368.0,0.8679245283018868,0.0,0.0,0.0,0.0,0.0,0.0,0.0,0.0,3.0,10.0,1.0,0.0
fortigate,FGT30E5620039354,2025-09-26,34560.0,34560.0,214.0,3272.0,15.289719626168225,10.0,8.0,6.0,0.028037383177570093,196.0,0.9158878504672897,0.0,0.0,0.0,0.0,0.0,0.0,0.0,0.0,2.0,8.0,1.0,0.0
fortigate,FGT30E5620039354,2025-09-27,34560.0,34560.0,476.0,2008.0,4.218487394957983,11.0,9.0,16.0,0.03361344537815126,448.0,0.9411764705882353,0.0,0.0,0.0,0.0,0.0,0.0,0.0,0.0,3.0,8.0,1.0,0.0
fortigate,FGT30E5620039354,2025-09-28,34556.0,34556.0,532.0,18704270230.0,35158402.68796992,12.0,14.0,20.0,0.03759398496240601,482.0,0.9060150375939849,0.0,0.0,0.0,0.0,0.0,0.0,0.0,0.0,3.0,10.0,1.0,0.0
fortigate,FGT30E5620039354,2025-09-29,34560.0,34560.0,270.0,302274.0,1119.5333333333333,10.0,7.0,6.0,0.022222222222222223,252.0,0.9333333333333333,0.0,0.0,2.0,0.007407407407407408,0.0,0.0,0.0,0.0,3.0,7.0,1.0,0.0
fortigate,FGT30E5620039354,2025-09-30,34556.0,34556.0,326.0,60254.0,184.82822085889572,14.0,8.0,8.0,0.024539877300613498,298.0,0.9141104294478528,0.0,0.0,0.0,0.0,0.0,0.0,0.0,0.0,2.0,9.0,1.0,0.0
fortigate,FGT30E5620039354,2025-10-01,34560.0,34560.0,328.0,7418364740.0,22616965.67073171,10.0,8.0,4.0,0.012195121951219513,302.0,0.9207317073170732,0.0,0.0,0.0,0.0,0.0,0.0,0.0,0.0,3.0,8.0,1.0,0.0
fortigate,FGT30E5620039354,2025-10-02,34556.0,34556.0,386.0,9344.0,24.207253886010363,10.0,16.0,26.0,0.06735751295336788,340.0,0.8808290155440415,0.0,0.0,0.0,0.0,0.0,0.0,0.0,0.0,2.0,6.0,1.0,0.0
fortigate,FGT30E5620039354,2025-10-03,34560.0,34560.0,256.0,10152.0,39.65625,11.0,20.0,30.0,0.1171875,214.0,0.8359375,0.0,0.0,0.0,0.0,0.0,0.0,0.0,0.0,2.0,9.0,1.0,0.0
fortigate,FGT30E5620039354,2025-10-04,34556.0,34556.0,352.0,1200.0,3.409090909090909,9.0,8.0,12.0,0.03409090909090909,328.0,0.9318181818181818,0.0,0.0,0.0,0.0,0.0,0.0,0.0,0.0,3.0,7.0,1.0,0.0
fortigate,FGT30E5620039354,2025-10-05,34560.0,34560.0,370.0,22072.0,59.65405405405406,13.0,10.0,14.0,0.03783783783783784,338.0,0.9135135135135135,0.0,0.0,0.0,0.0,0.0,0.0,0.0,0.0,3.0,9.0,1.0,0.0
fortigate,FGT30E5620039354,2025-10-06,34556.0,34556.0,244.0,10850.0,44.467213114754095,9.0,9.0,12.0,0.04918032786885246,210.0,0.860655737704918,0.0,0.0,0.0,0.0,0.0,0.0,0.0,0.0,2.0,9.0,1.0,0.0
fortigate,FGT30E5620039354,2025-10-07,34560.0,34560.0,326.0,22968.0,70.45398773006134,11.0,17.0,28.0,0.08588957055214724,274.0,0.8404907975460123,0.0,0.0,0.0,0.0,0.0,0.0,0.0,0.0,2.0,8.0,1.0,0.0
fortigate,FGT30E5620039354,2025-10-08,34556.0,34556.0,612.0,99814.0,163.09477124183007,14.0,23.0,40.0,0.06535947712418301,564.0,0.9215686274509803,0.0,0.0,0.0,0.0,0.0,0.0,0.0,0.0,3.0,11.0,1.0,0.0
fortigate,FGT30E5620039354,2025-10-09,34560.0,34560.0,308.0,2998469322.0,9735290.006493507,12.0,20.0,38.0,0.12337662337662338,250.0,0.8116883116883117,0.0,0.0,2.0,0.006493506493506494,0.0,0.0,0.0,0.0,3.0,9.0,1.0,0.0
fortigate,FGT30E5620039354,2025-10-10,34556.0,34556.0,236.0,23738.0,100.58474576271186,12.0,8.0,6.0,0.025423728813559324,206.0,0.8728813559322034,0.0,0.0,2.0,0.00847457627118644,0.0,0.0,0.0,0.0,4.0,9.0,1.0,0.0
fortigate,FGT30E5620039354,2025-10-11,34560.0,34560.0,268.0,8048.0,30.029850746268657,9.0,9.0,12.0,0.04477611940298507,238.0,0.8880597014925373,0.0,0.0,0.0,0.0,0.0,0.0,0.0,0.0,3.0,8.0,1.0,0.0
fortigate,FGT30E5620039354,2025-10-12,34556.0,34556.0,438.0,456.0,1.0410958904109588,11.0,8.0,4.0,0.0091324200913242,416.0,0.9497716894977168,0.0,0.0,0.0,0.0,0.0,0.0,0.0,0.0,2.0,8.0,1.0,0.0
fortigate,FGT30E5620039354,2025-10-13,34560.0,34560.0,366.0,26828.0,73.30054644808743,11.0,9.0,6.0,0.01639344262295082,334.0,0.912568306010929,0.0,0.0,0.0,0.0,0.0,0.0,0.0,0.0,2.0,9.0,1.0,0.0
fortigate,FGT30E5620039354,2025-10-14,34556.0,34556.0,332.0,9416.0,28.36144578313253,14.0,11.0,22.0,0.06626506024096386,290.0,0.8734939759036144,0.0,0.0,0.0,0.0,0.0,0.0,0.0,0.0,3.0,8.0,1.0,0.0
fortigate,FGT30E5620039354,2025-10-15,34556.0,34556.0,268.0,8960.0,33.43283582089552,11.0,14.0,18.0,0.06716417910447761,228.0,0.8507462686567164,0.0,0.0,0.0,0.0,0.0,0.0,0.0,0.0,3.0,10.0,1.0,0.0
fortigate,FGT30E5620039354,2025-10-16,34560.0,34560.0,274.0,48850900540.0,178287958.1751825,10.0,8.0,6.0,0.021897810218978103,248.0,0.9051094890510949,0.0,0.0,0.0,0.0,0.0,0.0,0.0,0.0,3.0,7.0,1.0,0.0
fortigate,FGT30E5620039354,2025-10-17,34556.0,34556.0,220.0,21468.0,97.58181818181818,10.0,8.0,6.0,0.02727272727272727,198.0,0.9,0.0,0.0,0.0,0.0,0.0,0.0,0.0,0.0,2.0,8.0,1.0,0.0
fortigate,FGT30E5620039354,2025-10-18,34560.0,34560.0,290.0,128624.0,443.5310344827586,12.0,10.0,16.0,0.05517241379310345,260.0,0.896551724137931,0.0,0.0,0.0,0.0,0.0,0.0,0.0,0.0,2.0,7.0,1.0,0.0
fortigate,FGT30E5620039354,2025-10-19,51834.0,51834.0,339.0,49153549473.0,144995721.15929204,5.0,8.0,12.0,0.035398230088495575,285.0,0.8407079646017699,0.0,0.0,0.0,0.0,0.0,0.0,0.0,0.0,1.0,5.0,1.0,0.0
fortigate,FGT30E5620039354,2025-10-20,51840.0,51840.0,300.0,11244.0,37.48,7.0,6.0,12.0,0.04,264.0,0.88,0.0,0.0,0.0,0.0,0.0,0.0,0.0,0.0,2.0,6.0,1.0,0.0
fortigate,FGT30E5620039354,2025-10-21,29226.0,29226.0,161.0,4224.0,26.236024844720497,7.0,6.0,3.0,0.018633540372670808,135.0,0.8385093167701864,0.0,0.0,0.0,0.0,0.0,0.0,0.0,0.0,1.0,6.0,1.0,0.0
fortigate,FGT40FTK2109C8LL,2025-09-21,34556.0,34556.0,6.0,573808.0,95634.66666666667,0.0,0.0,0.0,0.0,0.0,0.0,0.0,0.0,0.0,0.0,0.0,0.0,0.0,0.0,0.0,0.0,0.0,0.0
fortigate,FGT40FTK2109C8LL,2025-09-22,34560.0,34560.0,6.0,2790.0,465.0,1.0,3.0,4.0,0.6666666666666666,0.0,0.0,0.0,0.0,2.0,0.3333333333333333,0.0,0.0,0.0,0.0,2.0,2.0,1.0,0.0
fortigate,FGT40FTK2109C8LL,2025-09-23,34556.0,34556.0,6.0,3064.0,510.6666666666667,2.0,3.0,4.0,0.6666666666666666,0.0,0.0,0.0,0.0,2.0,0.3333333333333333,0.0,0.0,0.0,0.0,2.0,3.0,1.0,0.0
fortigate,FGT40FTK2109C8LL,2025-09-24,34560.0,34560.0,14.0,56473388.0,4033813.4285714286,2.0,2.0,0.0,0.0,0.0,0.0,0.0,0.0,2.0,0.14285714285714285,0.0,0.0,0.0,0.0,1.0,2.0,1.0,0.0
fortigate,FGT40FTK2109C8LL,2025-09-25,34556.0,34556.0,6.0,137480.0,22913.333333333332,1.0,2.0,0.0,0.0,0.0,0.0,0.0,0.0,2.0,0.3333333333333333,0.0,0.0,0.0,0.0,1.0,2.0,1.0,0.0
fortigate,FGT40FTK2109C8LL,2025-09-26,34560.0,34560.0,16.0,8552.0,534.5,1.0,1.0,0.0,0.0,0.0,0.0,0.0,0.0,0.0,0.0,0.0,0.0,0.0,0.0,1.0,1.0,1.0,0.0
fortigate,FGT40FTK2109C8LL,2025-09-27,34560.0,34560.0,8.0,44394.0,5549.25,2.0,3.0,0.0,0.0,0.0,0.0,0.0,0.0,4.0,0.5,0.0,0.0,0.0,0.0,1.0,2.0,1.0,0.0
fortigate,FGT40FTK2109C8LL,2025-09-28,34556.0,34556.0,12.0,4084328.0,340360.6666666667,2.0,5.0,8.0,0.6666666666666666,0.0,0.0,0.0,0.0,0.0,0.0,0.0,0.0,0.0,0.0,2.0,4.0,1.0,0.0
fortigate,FGT40FTK2109C8LL,2025-09-29,34560.0,34560.0,2.0,0.0,0.0,0.0,0.0,0.0,0.0,0.0,0.0,0.0,0.0,0.0,0.0,0.0,0.0,0.0,0.0,0.0,0.0,0.0,0.0
fortigate,FGT40FTK2109C8LL,2025-09-30,34556.0,34556.0,2.0,2574.0,1287.0,1.0,1.0,2.0,1.0,0.0,0.0,0.0,0.0,0.0,0.0,0.0,0.0,0.0,0.0,1.0,1.0,1.0,0.0
fortigate,FGT40FTK2109C8LL,2025-10-01,34560.0,34560.0,10.0,171586.0,17158.6,2.0,4.0,4.0,0.4,0.0,0.0,0.0,0.0,0.0,0.0,0.0,0.0,0.0,0.0,2.0,3.0,1.0,0.0
fortigate,FGT40FTK2109C8LL,2025-10-03,34560.0,34560.0,10.0,26428.0,2642.8,1.0,2.0,0.0,0.0,0.0,0.0,0.0,0.0,4.0,0.4,4.0,0.4,0.0,0.0,1.0,1.0,1.0,0.0
fortigate,FGT40FTK2109C8LL,2025-10-04,34556.0,34556.0,18.0,7734.0,429.6666666666667,2.0,2.0,0.0,0.0,0.0,0.0,0.0,0.0,0.0,0.0,6.0,0.3333333333333333,0.0,0.0,1.0,2.0,1.0,0.0
fortigate,FGT40FTK2109C8LL,2025-10-05,34560.0,34560.0,30.0,38529400.0,1284313.3333333333,2.0,4.0,0.0,0.0,0.0,0.0,0.0,0.0,2.0,0.06666666666666667,14.0,0.4666666666666667,0.0,0.0,1.0,3.0,1.0,0.0
fortigate,FGT40FTK2109C8LL,2025-10-06,34556.0,34556.0,16.0,21604.0,1350.25,2.0,3.0,6.0,0.375,0.0,0.0,0.0,0.0,0.0,0.0,8.0,0.5,0.0,0.0,2.0,4.0,1.0,0.0
fortigate,FGT40FTK2109C8LL,2025-10-07,34560.0,34560.0,28.0,179446.0,6408.785714285715,2.0,7.0,10.0,0.35714285714285715,0.0,0.0,0.0,0.0,0.0,0.0,12.0,0.42857142857142855,0.0,0.0,2.0,4.0,1.0,0.0
fortigate,FGT40FTK2109C8LL,2025-10-08,34556.0,34556.0,6.0,177888038.0,29648006.333333332,1.0,1.0,2.0,0.3333333333333333,0.0,0.0,0.0,0.0,0.0,0.0,0.0,0.0,0.0,0.0,1.0,1.0,1.0,0.0
fortigate,FGT40FTK2109C8LL,2025-10-09,34560.0,34560.0,6.0,608.0,101.33333333333333,1.0,2.0,4.0,0.6666666666666666,0.0,0.0,0.0,0.0,0.0,0.0,0.0,0.0,0.0,0.0,1.0,1.0,1.0,0.0
fortigate,FGT40FTK2109C8LL,2025-10-10,34556.0,34556.0,12.0,128868.0,10739.0,2.0,3.0,6.0,0.5,0.0,0.0,0.0,0.0,0.0,0.0,0.0,0.0,0.0,0.0,2.0,4.0,1.0,0.0
fortigate,FGT40FTK2109C8LL,2025-10-11,34560.0,34560.0,14.0,202524714.0,14466051.0,2.0,4.0,6.0,0.42857142857142855,0.0,0.0,0.0,0.0,2.0,0.14285714285714285,0.0,0.0,0.0,0.0,2.0,4.0,1.0,0.0
fortigate,FGT40FTK2109C8LL,2025-10-12,34556.0,34556.0,14.0,59846.0,4274.714285714285,2.0,2.0,4.0,0.2857142857142857,0.0,0.0,0.0,0.0,0.0,0.0,0.0,0.0,0.0,0.0,2.0,2.0,1.0,0.0
fortigate,FGT40FTK2109C8LL,2025-10-13,34560.0,34560.0,12.0,71284.0,5940.333333333333,2.0,5.0,12.0,1.0,0.0,0.0,0.0,0.0,0.0,0.0,0.0,0.0,0.0,0.0,1.0,3.0,1.0,0.0
fortigate,FGT40FTK2109C8LL,2025-10-14,34556.0,34556.0,6.0,3080.0,513.3333333333334,2.0,2.0,4.0,0.6666666666666666,0.0,0.0,0.0,0.0,0.0,0.0,2.0,0.3333333333333333,0.0,0.0,2.0,2.0,1.0,0.0
fortigate,FGT40FTK2109C8LL,2025-10-15,34556.0,34556.0,4.0,46216.0,11554.0,2.0,2.0,2.0,0.5,0.0,0.0,0.0,0.0,0.0,0.0,0.0,0.0,0.0,0.0,2.0,2.0,1.0,0.0
fortigate,FGT40FTK2109C8LL,2025-10-16,34560.0,34560.0,10.0,80852.0,8085.2,2.0,4.0,4.0,0.4,0.0,0.0,0.0,0.0,6.0,0.6,0.0,0.0,0.0,0.0,2.0,3.0,1.0,0.0
fortigate,FGT40FTK2109C8LL,2025-10-17,34556.0,34556.0,20.0,124790.0,6239.5,2.0,4.0,2.0,0.1,0.0,0.0,0.0,0.0,4.0,0.2,0.0,0.0,0.0,0.0,2.0,3.0,1.0,0.0
fortigate,FGT40FTK2109C8LL,2025-10-18,34560.0,34560.0,10.0,22566.0,2256.6,2.0,2.0,0.0,0.0,0.0,0.0,0.0,0.0,2.0,0.2,0.0,0.0,0.0,0.0,1.0,2.0,1.0,0.0
fortigate,FGT40FTK2109C8LL,2025-10-19,51834.0,51834.0,9.0,27453.0,3050.3333333333335,1.0,1.0,3.0,0.3333333333333333,0.0,0.0,0.0,0.0,0.0,0.0,0.0,0.0,0.0,0.0,2.0,2.0,1.0,0.0
fortigate,FGT40FTK2109C8LL,2025-10-20,51840.0,51840.0,15.0,81489.0,5432.6,2.0,4.0,9.0,0.6,0.0,0.0,0.0,0.0,3.0,0.2,0.0,0.0,0.0,0.0,2.0,4.0,1.0,0.0
fortigate,FGT40FTK2209A33N,2025-09-21,34556.0,34556.0,1674.0,24720494404.0,14767320.432497013,167.0,39.0,74.0,0.04420549581839905,622.0,0.3715651135005974,36.0,0.021505376344086023,442.0,0.2640382317801673,10.0,0.005973715651135006,0.0,0.0,2.0,112.0,4.0,62.0
fortigate,FGT40FTK2209A33N,2025-09-22,34560.0,34560.0,1772.0,6874318186.0,3879412.0688487585,176.0,67.0,104.0,0.05869074492099323,570.0,0.3216704288939052,54.0,0.030474040632054177,460.0,0.2595936794582393,0.0,0.0,0.0,0.0,4.0,102.0,4.0,59.0
fortigate,FGT40FTK2209A33N,2025-09-23,34556.0,34556.0,1830.0,42749570606.0,23360421.096174862,186.0,122.0,258.0,0.14098360655737704,650.0,0.3551912568306011,66.0,0.036065573770491806,458.0,0.2502732240437158,4.0,0.002185792349726776,0.0,0.0,4.0,134.0,4.0,57.0
fortigate,FGT40FTK2209A33N,2025-09-24,34560.0,34560.0,1932.0,2712220104.0,1403840.6335403726,208.0,93.0,228.0,0.11801242236024845,810.0,0.4192546583850932,70.0,0.036231884057971016,354.0,0.18322981366459629,0.0,0.0,0.0,0.0,4.0,165.0,4.0,63.0
fortigate,FGT40FTK2209A33N,2025-09-25,34556.0,34556.0,1726.0,29449532668.0,17062301.661645424,217.0,95.0,266.0,0.1541135573580533,734.0,0.42526071842410196,46.0,0.026651216685979143,304.0,0.1761297798377752,4.0,0.002317497103128621,0.0,0.0,4.0,170.0,4.0,52.0
fortigate,FGT40FTK2209A33N,2025-09-26,34560.0,34560.0,2220.0,2603468238.0,1172733.4405405405,229.0,110.0,242.0,0.109009009009009,910.0,0.4099099099099099,46.0,0.02072072072072072,498.0,0.22432432432432434,14.0,0.006306306306306306,0.0,0.0,5.0,193.0,4.0,62.0
fortigate,FGT40FTK2209A33N,2025-09-27,34560.0,34560.0,2298.0,644543558052.0,280480225.43603134,224.0,130.0,230.0,0.10008703220191471,800.0,0.34812880765883375,86.0,0.03742384682332463,532.0,0.23150565709312446,10.0,0.004351610095735422,0.0,0.0,4.0,175.0,4.0,62.0
fortigate,FGT40FTK2209A33N,2025-09-28,34556.0,34556.0,1950.0,804911279182.0,412775014.9651282,183.0,33.0,62.0,0.031794871794871796,874.0,0.4482051282051282,56.0,0.028717948717948718,384.0,0.19692307692307692,14.0,0.0071794871794871795,0.0,0.0,2.0,234.0,4.0,76.0
fortigate,FGT40FTK2209A33N,2025-09-29,34560.0,34560.0,1868.0,53528805588.0,28655677.509635974,202.0,75.0,92.0,0.04925053533190578,722.0,0.38650963597430404,102.0,0.05460385438972163,434.0,0.23233404710920771,2.0,0.0010706638115631692,0.0,0.0,4.0,209.0,4.0,79.0
fortigate,FGT40FTK2209A33N,2025-09-30,34556.0,34556.0,1716.0,192504168996.0,112181916.66433567,190.0,82.0,200.0,0.11655011655011654,690.0,0.4020979020979021,46.0,0.026806526806526808,354.0,0.2062937062937063,2.0,0.0011655011655011655,0.0,0.0,4.0,190.0,4.0,46.0
fortigate,FGT40FTK2209A33N,2025-10-01,34560.0,34560.0,1640.0,5589857904.0,3408449.9414634146,187.0,112.0,220.0,0.13414634146341464,650.0,0.39634146341463417,86.0,0.0524390243902439,334.0,0.20365853658536584,20.0,0.012195121951219513,0.0,0.0,4.0,165.0,4.0,31.0
fortigate,FGT40FTK2209A33N,2025-10-02,34556.0,34556.0,1886.0,347216465138.0,184102049.38388124,187.0,83.0,208.0,0.1102863202545069,868.0,0.4602332979851538,52.0,0.027571580063626724,360.0,0.19088016967126192,6.0,0.003181336161187699,0.0,0.0,4.0,182.0,4.0,48.0
fortigate,FGT40FTK2209A33N,2025-10-03,34560.0,34560.0,2000.0,6387402464.0,3193701.232,182.0,101.0,242.0,0.121,860.0,0.43,56.0,0.028,388.0,0.194,12.0,0.006,0.0,0.0,3.0,170.0,4.0,57.0
fortigate,FGT40FTK2209A33N,2025-10-04,34556.0,34556.0,2162.0,448389787826.0,207395831.55689177,214.0,112.0,250.0,0.11563367252543941,884.0,0.40888066604995377,66.0,0.030527289546716005,480.0,0.22201665124884365,22.0,0.010175763182238668,0.0,0.0,3.0,203.0,4.0,54.0
fortigate,FGT40FTK2209A33N,2025-10-05,34560.0,34560.0,1966.0,763735408240.0,388471723.4181078,161.0,44.0,110.0,0.05595116988809766,698.0,0.3550356052899288,40.0,0.02034587995930824,528.0,0.2685656154628688,8.0,0.004069175991861648,0.0,0.0,3.0,132.0,4.0,63.0
fortigate,FGT40FTK2209DDTF,2025-09-21,34556.0,34556.0,9624.0,7343256.0,763.0149625935162,159.0,45.0,356.0,0.0369908561928512,7130.0,0.7408561928512053,30.0,0.003117206982543641,386.0,0.040108063175394844,0.0,0.0,0.0,0.0,4.0,22.0,1.0,71.0
fortigate,FGT40FTK2209DDTF,2025-09-22,34560.0,34560.0,11704.0,10298963778.0,879952.4759056732,226.0,57.0,370.0,0.03161312371838688,8876.0,0.7583732057416268,42.0,0.0035885167464114833,472.0,0.04032809295967191,14.0,0.0011961722488038277,0.0,0.0,4.0,21.0,2.0,88.0
fortigate,FGT40FTK2209DDTF,2025-09-23,34556.0,34556.0,11250.0,66351454156.0,5897907.0360888885,243.0,64.0,368.0,0.032711111111111114,8614.0,0.7656888888888889,28.0,0.002488888888888889,388.0,0.03448888888888889,10.0,0.0008888888888888889,0.0,0.0,4.0,23.0,1.0,79.0
fortigate,FGT40FTK2209DDTF,2025-09-24,34560.0,34560.0,11574.0,7372680.0,637.0036288232245,257.0,72.0,396.0,0.03421461897356143,8772.0,0.7579056505961638,36.0,0.003110419906687403,442.0,0.03818904440988422,0.0,0.0,0.0,0.0,4.0,26.0,1.0,87.0
fortigate,FGT40FTK2209DDTF,2025-09-25,34556.0,34556.0,12242.0,7469052.0,610.1169743505963,248.0,70.0,432.0,0.035288351576539784,9460.0,0.7727495507270054,42.0,0.0034308119588302567,494.0,0.040352883515765395,0.0,0.0,0.0,0.0,4.0,21.0,1.0,64.0
fortigate,FGT40FTK2209DDTF,2025-09-26,34560.0,34560.0,12326.0,270557553796.0,21950150.397209153,263.0,70.0,406.0,0.03293850397533669,9580.0,0.7772188869057277,30.0,0.0024338796040889177,472.0,0.03829303910433231,2.0,0.00016225864027259452,0.0,0.0,4.0,23.0,1.0,87.0
fortigate,FGT40FTK2209DDTF,2025-09-27,34560.0,34560.0,11258.0,6698670.0,595.0142121158287,237.0,58.0,380.0,0.03375377509326701,8672.0,0.770296677917925,38.0,0.003375377509326701,426.0,0.03783975839403091,0.0,0.0,0.0,0.0,4.0,24.0,1.0,89.0
fortigate,FGT40FTK2209DDTF,2025-09-28,34556.0,34556.0,10628.0,8821858.0,830.0581482875424,171.0,44.0,308.0,0.02898005269100489,7700.0,0.7245013172751223,96.0,0.009032743695897629,512.0,0.048174633044787356,0.0,0.0,0.0,0.0,4.0,21.0,1.0,154.0
fortigate,FGT40FTK2209DDTF,2025-09-29,34560.0,34560.0,10952.0,250767278212.0,22896939.208546385,251.0,56.0,298.0,0.027209642074506938,7838.0,0.7156683710737765,194.0,0.017713659605551497,512.0,0.04674945215485756,2.0,0.00018261504747991235,0.0,0.0,4.0,21.0,2.0,196.0
fortigate,FGT40FTK2209DDTF,2025-09-30,34556.0,34556.0,11858.0,277308180346.0,23385746.3607691,284.0,70.0,482.0,0.0406476640242874,8524.0,0.7188396019564851,136.0,0.011469050430089391,464.0,0.0391297014673638,0.0,0.0,0.0,0.0,4.0,22.0,2.0,141.0
fortigate,FGT40FTK2209DDTF,2025-10-01,34560.0,34560.0,11270.0,8890630.0,788.8757763975156,251.0,67.0,356.0,0.03158828748890861,8180.0,0.7258207630878438,118.0,0.010470275066548358,446.0,0.039574090505767524,0.0,0.0,0.0,0.0,4.0,23.0,1.0,149.0
fortigate,FGT40FTK2209DDTF,2025-10-02,34556.0,34556.0,11838.0,188167781658.0,15895234.13228586,254.0,69.0,416.0,0.03514107112687954,8846.0,0.7472546038182125,126.0,0.010643689812468323,470.0,0.03970265247508025,6.0,0.0005068423720223011,0.0,0.0,4.0,24.0,1.0,131.0
fortigate,FGT40FTK2209DDTF,2025-10-03,34560.0,34560.0,12228.0,585659218348.0,47894931.170101404,232.0,57.0,312.0,0.02551521099116781,9136.0,0.7471377167157344,82.0,0.006705920837422309,508.0,0.04154399738305528,16.0,0.0013084723585214263,0.0,0.0,4.0,21.0,2.0,112.0
fortigate,FGT40FTK2209DDTF,2025-10-04,34556.0,34556.0,10372.0,16785040144.0,1618303.1376783648,211.0,59.0,352.0,0.03393752410335519,7982.0,0.7695719244118782,48.0,0.004627844195912071,414.0,0.03991515618974161,36.0,0.003470883146934053,0.0,0.0,4.0,28.0,2.0,82.0
fortigate,FGT40FTK2209DDTF,2025-10-05,34560.0,34560.0,9566.0,6506352.0,680.1538783190466,138.0,41.0,302.0,0.0315701442609241,7050.0,0.7369851557599832,20.0,0.0020907380305247754,396.0,0.04139661300439055,34.0,0.0035542546518921177,0.0,0.0,4.0,22.0,1.0,78.0
fortigate,FGT40FTK2209DDTF,2025-10-06,34556.0,34556.0,10816.0,53758635284.0,4970288.025517751,190.0,63.0,364.0,0.03365384615384615,8088.0,0.7477810650887574,36.0,0.0033284023668639054,418.0,0.038646449704142015,58.0,0.005362426035502958,0.0,0.0,4.0,22.0,1.0,74.0
fortigate,FGT40FTK2209DDTF,2025-10-07,34560.0,34560.0,11772.0,6511892.0,553.1678559293238,245.0,74.0,446.0,0.037886510363574585,9080.0,0.7713217804960925,28.0,0.002378525314305131,370.0,0.03143051308188923,34.0,0.0028882093102276588,0.0,0.0,4.0,25.0,2.0,69.0
fortigate,FGT40FTK2209DDTF,2025-10-08,34556.0,34556.0,12086.0,7374132930.0,610138.4188317062,236.0,75.0,516.0,0.042694026145953995,9320.0,0.771140162171107,32.0,0.0026476915439351315,372.0,0.030779414198245904,2.0,0.00016548072149594572,0.0,0.0,4.0,23.0,2.0,79.0
fortigate,FGT40FTK2209DDTF,2025-10-09,34560.0,34560.0,13658.0,111871352400.0,8190902.943329916,248.0,68.0,474.0,0.03470493483672573,10758.0,0.787670229901889,26.0,0.0019036462146727192,368.0,0.026943915653829257,2.0,0.0001464343242055938,0.0,0.0,4.0,23.0,3.0,111.0
fortigate,FGT40FTK2209DDTF,2025-10-10,34556.0,34556.0,13956.0,7505462.0,537.7946402980797,221.0,73.0,414.0,0.029664660361134996,11568.0,0.8288907996560619,18.0,0.0012897678417884782,328.0,0.0235024362281456,8.0,0.0005732301519059903,0.0,0.0,4.0,26.0,1.0,130.0
fortigate,FGT40FTK2209DDTF,2025-10-11,34560.0,34560.0,12536.0,8339010.0,665.2050095724314,212.0,54.0,490.0,0.039087428206764516,9524.0,0.7597319719208679,36.0,0.002871729419272495,402.0,0.03206764518187619,4.0,0.0003190810465858328,0.0,0.0,4.0,19.0,1.0,141.0
fortigate,FGT40FTK2209DDTF,2025-10-12,34556.0,34556.0,9340.0,176916895212.0,18941851.73576017,146.0,44.0,312.0,0.03340471092077088,7158.0,0.7663811563169165,12.0,0.001284796573875803,344.0,0.03683083511777302,2.0,0.00021413276231263382,0.0,0.0,3.0,21.0,1.0,72.0
fortigate,FGT40FTK2209DDTF,2025-10-13,34560.0,34560.0,10756.0,59200280870.0,5503930.910189661,210.0,55.0,266.0,0.024730383042023057,8220.0,0.7642246188174042,40.0,0.003718854592785422,332.0,0.030866493120119003,2.0,0.0001859427296392711,0.0,0.0,4.0,21.0,2.0,127.0
fortigate,FGT40FTK2209DDTF,2025-10-14,34556.0,34556.0,12274.0,9078108.0,739.620987453153,250.0,71.0,474.0,0.038618217370050514,9616.0,0.7834446798109825,18.0,0.0014665145836728042,316.0,0.025745478246700343,0.0,0.0,0.0,0.0,4.0,26.0,2.0,118.0
fortigate,FGT40FTK2209DDTF,2025-10-15,34556.0,34556.0,12576.0,294383080196.0,23408323.806933843,283.0,73.0,444.0,0.035305343511450385,9640.0,0.7665394402035624,26.0,0.0020674300254452924,296.0,0.023536895674300253,0.0,0.0,0.0,0.0,4.0,29.0,1.0,110.0
fortigate,FGT40FTK2209DDTF,2025-10-16,34560.0,34560.0,12660.0,6712610.0,530.2219589257504,269.0,76.0,524.0,0.041390205371248025,9750.0,0.7701421800947867,16.0,0.001263823064770932,332.0,0.02622432859399684,0.0,0.0,0.0,0.0,4.0,29.0,2.0,83.0
fortigate,FGT40FTK2209DDTF,2025-10-17,34556.0,34556.0,15826.0,132139006700.0,8349488.607354986,245.0,69.0,574.0,0.03626943005181347,12824.0,0.8103121445722229,42.0,0.0026538607354985467,386.0,0.024390243902439025,0.0,0.0,0.0,0.0,4.0,23.0,2.0,94.0
fortigate,FGT40FTK2209DDTF,2025-10-18,34560.0,34560.0,11486.0,443905210790.0,38647502.24534216,209.0,49.0,294.0,0.025596378199547274,9156.0,0.7971443496430437,14.0,0.001218875152359394,294.0,0.025596378199547274,2.0,0.00017412502176562773,0.0,0.0,4.0,22.0,1.0,69.0
fortigate,FGT40FTK2209DDTF,2025-10-19,51834.0,51834.0,15231.0,6907962.0,453.5461886941107,135.0,47.0,561.0,0.036832775260980895,11955.0,0.7849123498128816,21.0,0.001378766988378964,393.0,0.02580263935394918,12.0,0.0007878668505022651,0.0,0.0,4.0,20.0,1.0,55.0
fortigate,FGT40FTK2209DDTF,2025-10-20,51840.0,51840.0,14205.0,224111326443.0,15776932.519746568,173.0,67.0,534.0,0.03759239704329462,11181.0,0.787117212249208,27.0,0.0019007391763463568,375.0,0.026399155227032733,0.0,0.0,0.0,0.0,4.0,17.0,1.0,43.0
fortigate,FGT40FTK2209DDTF,2025-10-21,29226.0,29226.0,11026.0,30398872950.0,2757017.3181570834,206.0,55.0,327.0,0.029657173952475965,8742.0,0.7928532559405043,26.0,0.0023580627607473247,145.0,0.013150734627244694,0.0,0.0,0.0,0.0,4.0,23.0,1.0,47.0
fortigate,FGT40FTK2209F1Q7,2025-09-21,34556.0,34556.0,26.0,0.0,0.0,7.0,1.0,0.0,0.0,0.0,0.0,0.0,0.0,0.0,0.0,0.0,0.0,0.0,0.0,0.0,0.0,0.0,9.0
fortigate,FGT40FTK2209F1Q7,2025-09-22,34560.0,34560.0,24.0,0.0,0.0,5.0,1.0,0.0,0.0,0.0,0.0,0.0,0.0,0.0,0.0,0.0,0.0,0.0,0.0,0.0,0.0,0.0,6.0
fortigate,FGT40FTK2209F1Q7,2025-09-23,34556.0,34556.0,32.0,0.0,0.0,6.0,1.0,0.0,0.0,0.0,0.0,0.0,0.0,0.0,0.0,0.0,0.0,0.0,0.0,0.0,0.0,0.0,8.0
fortigate,FGT40FTK2209F1Q7,2025-09-24,34560.0,34560.0,30.0,0.0,0.0,5.0,1.0,0.0,0.0,0.0,0.0,0.0,0.0,0.0,0.0,0.0,0.0,0.0,0.0,0.0,0.0,0.0,7.0
fortigate,FGT40FTK2209F1Q7,2025-09-25,34556.0,34556.0,32.0,0.0,0.0,7.0,1.0,0.0,0.0,0.0,0.0,0.0,0.0,0.0,0.0,0.0,0.0,0.0,0.0,0.0,0.0,0.0,8.0
fortigate,FGT40FTK2209F1Q7,2025-09-26,34560.0,34560.0,30.0,0.0,0.0,8.0,1.0,0.0,0.0,0.0,0.0,0.0,0.0,0.0,0.0,0.0,0.0,0.0,0.0,0.0,0.0,0.0,14.0
fortigate,FGT40FTK2209F1Q7,2025-09-27,34560.0,34560.0,24.0,0.0,0.0,6.0,1.0,0.0,0.0,0.0,0.0,0.0,0.0,0.0,0.0,0.0,0.0,0.0,0.0,0.0,0.0,0.0,8.0
fortigate,FGT40FTK2209F1Q7,2025-09-28,34556.0,34556.0,100.0,0.0,0.0,39.0,1.0,0.0,0.0,0.0,0.0,0.0,0.0,0.0,0.0,0.0,0.0,0.0,0.0,0.0,0.0,0.0,46.0
fortigate,FGT40FTK2209F1Q7,2025-09-29,34560.0,34560.0,168.0,0.0,0.0,38.0,1.0,0.0,0.0,0.0,0.0,0.0,0.0,0.0,0.0,0.0,0.0,0.0,0.0,0.0,0.0,0.0,65.0
fortigate,FGT40FTK2209F1Q7,2025-09-30,34556.0,34556.0,148.0,0.0,0.0,34.0,1.0,0.0,0.0,0.0,0.0,0.0,0.0,0.0,0.0,0.0,0.0,0.0,0.0,0.0,0.0,0.0,59.0
fortigate,FGT40FTK2209F1Q7,2025-10-01,34560.0,34560.0,138.0,0.0,0.0,28.0,1.0,0.0,0.0,0.0,0.0,0.0,0.0,0.0,0.0,0.0,0.0,0.0,0.0,0.0,0.0,0.0,61.0
fortigate,FGT40FTK2209F1Q7,2025-10-02,34556.0,34556.0,146.0,0.0,0.0,19.0,1.0,0.0,0.0,0.0,0.0,0.0,0.0,0.0,0.0,0.0,0.0,0.0,0.0,0.0,0.0,0.0,65.0
fortigate,FGT40FTK2209F1Q7,2025-10-03,34560.0,34560.0,90.0,0.0,0.0,10.0,1.0,0.0,0.0,0.0,0.0,0.0,0.0,0.0,0.0,0.0,0.0,0.0,0.0,0.0,0.0,0.0,37.0
fortigate,FGT40FTK2209F1Q7,2025-10-04,34556.0,34556.0,26.0,0.0,0.0,8.0,1.0,0.0,0.0,0.0,0.0,0.0,0.0,0.0,0.0,0.0,0.0,0.0,0.0,0.0,0.0,0.0,12.0
fortigate,FGT40FTK2209F1Q7,2025-10-05,34560.0,34560.0,42.0,0.0,0.0,4.0,1.0,0.0,0.0,0.0,0.0,0.0,0.0,0.0,0.0,0.0,0.0,0.0,0.0,0.0,0.0,0.0,6.0
fortigate,FGT40FTK2209F1Q7,2025-10-06,34556.0,34556.0,50.0,0.0,0.0,5.0,1.0,0.0,0.0,0.0,0.0,0.0,0.0,0.0,0.0,0.0,0.0,0.0,0.0,0.0,0.0,0.0,12.0
fortigate,FGT40FTK2209F1Q7,2025-10-07,34560.0,34560.0,28.0,0.0,0.0,6.0,1.0,0.0,0.0,0.0,0.0,0.0,0.0,0.0,0.0,0.0,0.0,0.0,0.0,0.0,0.0,0.0,9.0
fortigate,FGT40FTK2209F1Q7,2025-10-08,34556.0,34556.0,18.0,0.0,0.0,7.0,1.0,0.0,0.0,0.0,0.0,0.0,0.0,0.0,0.0,0.0,0.0,0.0,0.0,0.0,0.0,0.0,7.0
fortigate,FGT40FTK2209F1Q7,2025-10-09,34560.0,34560.0,14.0,0.0,0.0,5.0,1.0,0.0,0.0,0.0,0.0,0.0,0.0,0.0,0.0,0.0,0.0,0.0,0.0,0.0,0.0,0.0,6.0
fortigate,FGT40FTK2209F1Q7,2025-10-10,34556.0,34556.0,16.0,0.0,0.0,3.0,1.0,0.0,0.0,0.0,0.0,0.0,0.0,0.0,0.0,0.0,0.0,0.0,0.0,0.0,0.0,0.0,5.0
fortigate,FGT40FTK2209F1Q7,2025-10-11,34560.0,34560.0,30.0,0.0,0.0,7.0,1.0,0.0,0.0,0.0,0.0,0.0,0.0,0.0,0.0,0.0,0.0,0.0,0.0,0.0,0.0,0.0,9.0
fortigate,FGT40FTK2209F1Q7,2025-10-12,34556.0,34556.0,20.0,0.0,0.0,0.0,0.0,0.0,0.0,0.0,0.0,0.0,0.0,0.0,0.0,0.0,0.0,0.0,0.0,0.0,0.0,0.0,0.0
fortigate,FGT40FTK2209F1Q7,2025-10-13,34560.0,34560.0,30.0,0.0,0.0,0.0,0.0,0.0,0.0,0.0,0.0,0.0,0.0,0.0,0.0,0.0,0.0,0.0,0.0,0.0,0.0,0.0,0.0
fortigate,FGT40FTK2209F1Q7,2025-10-14,34556.0,34556.0,2.0,0.0,0.0,0.0,0.0,0.0,0.0,0.0,0.0,0.0,0.0,0.0,0.0,0.0,0.0,0.0,0.0,0.0,0.0,0.0,0.0
fortigate,FGT40FTK2209F1Q7,2025-10-15,34556.0,34556.0,6.0,0.0,0.0,0.0,0.0,0.0,0.0,0.0,0.0,0.0,0.0,0.0,0.0,0.0,0.0,0.0,0.0,0.0,0.0,0.0,0.0
fortigate,FGT40FTK2209F1Q7,2025-10-16,34560.0,34560.0,14.0,0.0,0.0,0.0,0.0,0.0,0.0,0.0,0.0,0.0,0.0,0.0,0.0,0.0,0.0,0.0,0.0,0.0,0.0,0.0,0.0
fortigate,FGT40FTK2209F1Q7,2025-10-17,34556.0,34556.0,116.0,0.0,0.0,17.0,1.0,0.0,0.0,0.0,0.0,0.0,0.0,0.0,0.0,0.0,0.0,0.0,0.0,0.0,0.0,0.0,35.0
fortigate,FGT40FTK2209F1Q7,2025-10-18,34560.0,34560.0,68.0,0.0,0.0,11.0,1.0,0.0,0.0,0.0,0.0,0.0,0.0,0.0,0.0,0.0,0.0,0.0,0.0,0.0,0.0,0.0,13.0
fortigate,FGT40FTK2209F1Q7,2025-10-19,51834.0,51834.0,93.0,0.0,0.0,6.0,1.0,0.0,0.0,0.0,0.0,0.0,0.0,0.0,0.0,0.0,0.0,0.0,0.0,0.0,0.0,0.0,1.0
fortigate,FGT40FTK2209F1Q7,2025-10-20,51840.0,51840.0,72.0,0.0,0.0,5.0,1.0,0.0,0.0,0.0,0.0,0.0,0.0,0.0,0.0,0.0,0.0,0.0,0.0,0.0,0.0,0.0,1.0
fortigate,FGT40FTK2209F1Q7,2025-10-21,29226.0,29226.0,10.0,0.0,0.0,0.0,0.0,0.0,0.0,0.0,0.0,0.0,0.0,0.0,0.0,0.0,0.0,0.0,0.0,0.0,0.0,0.0,0.0
fortigate,FGT60E4Q17030319,2025-09-21,34556.0,34556.0,5166.0,1055565970.0,204329.4560588463,213.0,120.0,854.0,0.16531165311653118,3814.0,0.7382888114595432,48.0,0.009291521486643438,68.0,0.01316298877274487,62.0,0.012001548586914441,0.0,0.0,4.0,135.0,4.0,16.0
fortigate,FGT60E4Q17030319,2025-09-22,34560.0,34560.0,4510.0,910632554.0,201914.09179600887,189.0,103.0,430.0,0.09534368070953436,3452.0,0.765410199556541,32.0,0.007095343680709534,96.0,0.021286031042128603,50.0,0.011086474501108648,0.0,0.0,3.0,133.0,4.0,31.0
fortigate,FGT60E4Q17030319,2025-09-23,34556.0,34556.0,4584.0,226851070.0,49487.580715532284,199.0,114.0,606.0,0.13219895287958114,3420.0,0.7460732984293194,22.0,0.004799301919720768,54.0,0.011780104712041885,56.0,0.012216404886561954,0.0,0.0,3.0,174.0,4.0,30.0
fortigate,FGT60E4Q17030319,2025-09-24,34560.0,34560.0,3816.0,769713782.0,201706.96593291406,174.0,89.0,446.0,0.11687631027253668,2814.0,0.7374213836477987,14.0,0.003668763102725367,66.0,0.01729559748427673,68.0,0.01781970649895178,0.0,0.0,3.0,163.0,4.0,30.0
fortigate,FGT60E4Q17030319,2025-09-25,34556.0,34556.0,3750.0,392679392.0,104714.50453333334,188.0,98.0,334.0,0.08906666666666667,3002.0,0.8005333333333333,6.0,0.0016,52.0,0.013866666666666666,38.0,0.010133333333333333,0.0,0.0,3.0,179.0,4.0,26.0
fortigate,FGT60E4Q17030319,2025-09-26,34560.0,34560.0,3434.0,1433214086.0,417359.95515433897,164.0,99.0,168.0,0.0489225393127548,2712.0,0.7897495631916133,18.0,0.0052417006406523005,52.0,0.015142690739662202,44.0,0.0128130460104834,0.0,0.0,3.0,217.0,4.0,27.0
fortigate,FGT60E4Q17030319,2025-09-27,34560.0,34560.0,4890.0,857380328.0,175333.40040899796,208.0,101.0,664.0,0.1357873210633947,3752.0,0.767280163599182,40.0,0.0081799591002045,62.0,0.012678936605316974,48.0,0.0098159509202454,0.0,0.0,3.0,253.0,4.0,33.0
fortigate,FGT60E4Q17030319,2025-09-28,34556.0,34556.0,5040.0,1052268432.0,208783.41904761904,165.0,100.0,600.0,0.11904761904761904,3818.0,0.7575396825396825,22.0,0.004365079365079365,98.0,0.019444444444444445,48.0,0.009523809523809525,0.0,0.0,4.0,241.0,4.0,22.0
fortigate,FGT60E4Q17030319,2025-09-29,34560.0,34560.0,5054.0,926255560.0,183271.77681044716,194.0,115.0,752.0,0.14879303521962803,3786.0,0.7491096161456272,38.0,0.007518796992481203,58.0,0.01147605856747131,42.0,0.008310249307479225,0.0,0.0,3.0,259.0,4.0,32.0
fortigate,FGT60E4Q17030319,2025-09-30,34556.0,34556.0,4062.0,1829573046.0,450411.8774002954,177.0,101.0,510.0,0.1255539143279173,3008.0,0.740521910388971,8.0,0.0019694731659281144,74.0,0.018217626784835055,44.0,0.010832102412604629,0.0,0.0,4.0,224.0,3.0,27.0
fortigate,FGT60E4Q17030319,2025-10-01,34560.0,34560.0,3364.0,2513289192.0,747113.3151010701,195.0,113.0,528.0,0.15695600475624258,2446.0,0.7271105826397146,18.0,0.00535077288941736,44.0,0.013079667063020214,32.0,0.009512485136741973,0.0,0.0,3.0,190.0,4.0,30.0
fortigate,FGT60E4Q17030319,2025-10-02,34556.0,34556.0,4180.0,92173306.0,22051.03014354067,178.0,121.0,292.0,0.06985645933014355,3198.0,0.7650717703349282,28.0,0.0066985645933014355,126.0,0.03014354066985646,78.0,0.018660287081339714,0.0,0.0,4.0,213.0,4.0,31.0
fortigate,FGT60E4Q17030319,2025-10-03,34560.0,34560.0,3618.0,313237988.0,86577.66390270868,194.0,96.0,330.0,0.0912106135986733,2904.0,0.802653399668325,18.0,0.004975124378109453,54.0,0.014925373134328358,32.0,0.008844665561083471,0.0,0.0,4.0,205.0,4.0,22.0
fortigate,FGT60E4Q17030319,2025-10-04,34556.0,34556.0,4250.0,583963726.0,137403.22964705882,170.0,99.0,256.0,0.06023529411764706,3270.0,0.7694117647058824,20.0,0.004705882352941176,116.0,0.027294117647058823,56.0,0.013176470588235295,0.0,0.0,3.0,161.0,4.0,31.0
fortigate,FGT60E4Q17030319,2025-10-05,34560.0,34560.0,5300.0,416395688.0,78565.2241509434,204.0,105.0,546.0,0.1030188679245283,4078.0,0.769433962264151,26.0,0.004905660377358491,136.0,0.025660377358490565,82.0,0.015471698113207547,0.0,0.0,4.0,141.0,4.0,18.0
fortigate,FGT60E4Q17030319,2025-10-06,34556.0,34556.0,4838.0,2224519244.0,459801.4146341463,172.0,115.0,620.0,0.1281521289789169,3564.0,0.7366680446465481,32.0,0.006614303431169905,128.0,0.02645721372467962,84.0,0.017362546506821,0.0,0.0,4.0,119.0,4.0,21.0
fortigate,FGT60E4Q17030319,2025-10-07,34560.0,34560.0,4506.0,537310972.0,119243.44695960941,210.0,109.0,664.0,0.1473590767865069,3226.0,0.7159343098091434,26.0,0.005770084332001775,108.0,0.023968042609853527,56.0,0.012427873945849977,0.0,0.0,4.0,164.0,4.0,34.0
fortigate,FGT60E4Q17030319,2025-10-08,34556.0,34556.0,3426.0,1044695806.0,304931.6421482779,143.0,84.0,178.0,0.05195563339171045,2662.0,0.7769994162288383,20.0,0.005837711617046118,116.0,0.033858727378867484,42.0,0.012259194395796848,0.0,0.0,3.0,138.0,4.0,27.0
fortigate,FGT60E4Q17030319,2025-10-09,34560.0,34560.0,3674.0,857014656.0,233264.7403375068,160.0,87.0,518.0,0.14099074578116494,2738.0,0.7452367991290147,20.0,0.005443658138268917,44.0,0.011976047904191617,30.0,0.008165487207403375,0.0,0.0,5.0,123.0,4.0,29.0
fortigate,FGT60E4Q17030319,2025-10-10,34556.0,34556.0,3552.0,1189318210.0,334830.57713963964,157.0,101.0,276.0,0.0777027027027027,2778.0,0.7820945945945946,18.0,0.005067567567567568,88.0,0.024774774774774775,34.0,0.009572072072072071,0.0,0.0,3.0,131.0,4.0,31.0
fortigate,FGT60E4Q17030319,2025-10-11,34560.0,34560.0,5040.0,910444654.0,180643.78055555557,226.0,101.0,702.0,0.1392857142857143,3742.0,0.7424603174603175,58.0,0.011507936507936509,74.0,0.014682539682539682,50.0,0.00992063492063492,0.0,0.0,4.0,182.0,4.0,30.0
fortigate,FGT60E4Q17030319,2025-10-12,34556.0,34556.0,5888.0,3985528726.0,676890.0689538043,216.0,126.0,514.0,0.08729619565217392,4558.0,0.7741168478260869,62.0,0.010529891304347826,144.0,0.024456521739130436,56.0,0.009510869565217392,0.0,0.0,4.0,211.0,4.0,33.0
fortigate,FGT60E4Q17030319,2025-10-13,34560.0,34560.0,4886.0,1108331312.0,226838.17273843635,202.0,115.0,546.0,0.11174785100286533,3730.0,0.7634056487924683,70.0,0.014326647564469915,50.0,0.010233319688907082,56.0,0.011461318051575931,0.0,0.0,3.0,161.0,4.0,30.0
fortigate,FGT60E4Q17030319,2025-10-14,34556.0,34556.0,3862.0,1224808418.0,317143.55722423614,145.0,94.0,226.0,0.0585189021232522,3078.0,0.7969963749352666,28.0,0.0072501294665976174,86.0,0.022268254790264112,40.0,0.010357327809425169,0.0,0.0,3.0,113.0,4.0,39.0
fortigate,FGT60E4Q17030319,2025-10-15,34556.0,34556.0,3884.0,1081162596.0,278363.1812564367,193.0,93.0,338.0,0.08702368692070031,3078.0,0.7924819773429455,30.0,0.007723995880535531,54.0,0.013903192584963954,54.0,0.013903192584963954,0.0,0.0,3.0,167.0,4.0,27.0
fortigate,FGT60E4Q17030319,2025-10-16,34560.0,34560.0,4146.0,850539974.0,205147.12349252292,155.0,109.0,514.0,0.12397491558128317,3076.0,0.7419199228171732,42.0,0.010130246020260492,70.0,0.01688374336710082,42.0,0.010130246020260492,0.0,0.0,3.0,169.0,4.0,32.0
fortigate,FGT60E4Q17030319,2025-10-17,34556.0,34556.0,2892.0,724834986.0,250634.50414937758,164.0,76.0,176.0,0.06085753803596127,2376.0,0.8215767634854771,12.0,0.004149377593360996,50.0,0.017289073305670817,32.0,0.011065006915629323,0.0,0.0,3.0,157.0,4.0,21.0
fortigate,FGT60E4Q17030319,2025-10-18,34560.0,34560.0,5306.0,181592622.0,34224.01470033924,193.0,114.0,728.0,0.13720316622691292,3790.0,0.7142857142857143,70.0,0.013192612137203167,88.0,0.016584998115341122,62.0,0.011684885035808518,0.0,0.0,4.0,173.0,4.0,32.0
fortigate,FGT60E4Q17030319,2025-10-19,51834.0,51834.0,9723.0,1274294394.0,131059.79574205492,248.0,130.0,1320.0,0.1357605677260105,7200.0,0.7405121875964209,87.0,0.008947855600123419,114.0,0.011724776303609998,120.0,0.012341869793273681,0.0,0.0,4.0,252.0,4.0,26.0
fortigate,FGT60E4Q17030319,2025-10-20,51840.0,51840.0,8823.0,917504088.0,103990.03604216252,168.0,114.0,1014.0,0.11492689561373683,6606.0,0.7487249234954098,147.0,0.016660999659979598,147.0,0.016660999659979598,75.0,0.008500510030601836,0.0,0.0,4.0,245.0,4.0,26.0
fortigate,FGT60E4Q17030319,2025-10-21,29226.0,29226.0,4583.0,1533062541.0,334510.7006327733,128.0,106.0,516.0,0.11259000654593061,3444.0,0.7514728343879555,82.0,0.01789221034257037,77.0,0.016801221907047786,61.0,0.013310058913375519,0.0,0.0,3.0,103.0,3.0,21.0
fortigate,FGT60ETK19099WM0,2025-09-21,34556.0,34556.0,160.0,144260234.0,901626.4625,11.0,51.0,68.0,0.425,20.0,0.125,52.0,0.325,4.0,0.025,0.0,0.0,0.0,0.0,3.0,13.0,2.0,1.0
fortigate,FGT60ETK19099WM0,2025-09-22,34560.0,34560.0,86.0,39734416.0,462028.0930232558,10.0,28.0,32.0,0.37209302325581395,10.0,0.11627906976744186,20.0,0.23255813953488372,6.0,0.06976744186046512,0.0,0.0,0.0,0.0,2.0,7.0,2.0,0.0
fortigate,FGT60ETK19099WM0,2025-09-23,34556.0,34556.0,138.0,13481282.0,97690.44927536232,14.0,49.0,80.0,0.5797101449275363,8.0,0.057971014492753624,14.0,0.10144927536231885,4.0,0.028985507246376812,0.0,0.0,0.0,0.0,3.0,10.0,2.0,0.0
fortigate,FGT60ETK19099WM0,2025-09-24,34560.0,34560.0,102.0,7647872.0,74979.13725490196,10.0,37.0,48.0,0.47058823529411764,2.0,0.0196078431372549,34.0,0.3333333333333333,4.0,0.0392156862745098,0.0,0.0,0.0,0.0,2.0,6.0,2.0,0.0
fortigate,FGT60ETK19099WM0,2025-09-25,34556.0,34556.0,132.0,27203186.0,206084.74242424243,13.0,44.0,70.0,0.5303030303030303,14.0,0.10606060606060606,14.0,0.10606060606060606,6.0,0.045454545454545456,0.0,0.0,0.0,0.0,2.0,9.0,2.0,1.0
fortigate,FGT60ETK19099WM0,2025-09-26,34560.0,34560.0,240.0,3210592.0,13377.466666666667,14.0,45.0,166.0,0.6916666666666667,24.0,0.1,6.0,0.025,4.0,0.016666666666666666,0.0,0.0,0.0,0.0,2.0,9.0,2.0,0.0
fortigate,FGT60ETK19099WM0,2025-09-27,34560.0,34560.0,130.0,2979712.0,22920.861538461537,17.0,42.0,32.0,0.24615384615384617,42.0,0.3230769230769231,6.0,0.046153846153846156,6.0,0.046153846153846156,0.0,0.0,0.0,0.0,2.0,10.0,2.0,0.0
fortigate,FGT60ETK19099WM0,2025-09-28,34556.0,34556.0,182.0,16815852464.0,92394793.75824176,14.0,37.0,124.0,0.6813186813186813,8.0,0.04395604395604396,10.0,0.054945054945054944,12.0,0.06593406593406594,0.0,0.0,0.0,0.0,2.0,8.0,2.0,0.0
fortigate,FGT60ETK19099WM0,2025-09-29,34560.0,34560.0,160.0,34045054038.0,212781587.7375,13.0,45.0,66.0,0.4125,18.0,0.1125,24.0,0.15,8.0,0.05,0.0,0.0,0.0,0.0,2.0,8.0,2.0,0.0
fortigate,FGT60ETK19099WM0,2025-09-30,34556.0,34556.0,104.0,11102710.0,106756.82692307692,14.0,35.0,24.0,0.23076923076923078,22.0,0.21153846153846154,24.0,0.23076923076923078,20.0,0.19230769230769232,0.0,0.0,0.0,0.0,2.0,10.0,2.0,0.0
fortigate,FGT60ETK19099WM0,2025-10-01,34560.0,34560.0,190.0,12906838.0,67930.72631578948,11.0,56.0,92.0,0.4842105263157895,2.0,0.010526315789473684,44.0,0.23157894736842105,4.0,0.021052631578947368,2.0,0.010526315789473684,0.0,0.0,2.0,8.0,2.0,0.0
fortigate,FGT60ETK19099WM0,2025-10-02,34556.0,34556.0,242.0,15179476.0,62725.10743801653,18.0,55.0,158.0,0.6528925619834711,22.0,0.09090909090909091,28.0,0.11570247933884298,2.0,0.008264462809917356,2.0,0.008264462809917356,0.0,0.0,2.0,11.0,2.0,0.0
fortigate,FGT60ETK19099WM0,2025-10-03,34560.0,34560.0,136.0,89065352.0,654892.2941176471,12.0,46.0,54.0,0.39705882352941174,4.0,0.029411764705882353,22.0,0.16176470588235295,16.0,0.11764705882352941,4.0,0.029411764705882353,0.0,0.0,2.0,7.0,2.0,0.0
fortigate,FGT60ETK19099WM0,2025-10-04,34556.0,34556.0,152.0,10599510.0,69733.61842105263,13.0,37.0,80.0,0.5263157894736842,20.0,0.13157894736842105,12.0,0.07894736842105263,14.0,0.09210526315789473,8.0,0.05263157894736842,0.0,0.0,2.0,9.0,2.0,0.0
fortigate,FGT60ETK19099WM0,2025-10-05,34560.0,34560.0,298.0,10239996.0,34362.402684563756,14.0,44.0,186.0,0.6241610738255033,54.0,0.18120805369127516,20.0,0.06711409395973154,4.0,0.013422818791946308,12.0,0.040268456375838924,0.0,0.0,3.0,17.0,2.0,1.0
fortigate,FGT60ETK19099WM0,2025-10-06,34556.0,34556.0,118.0,7861015274.0,66618773.50847457,10.0,35.0,74.0,0.6271186440677966,6.0,0.05084745762711865,8.0,0.06779661016949153,8.0,0.06779661016949153,8.0,0.06779661016949153,0.0,0.0,2.0,6.0,2.0,0.0
fortigate,FGT60ETK19099WM0,2025-10-07,34560.0,34560.0,324.0,45868276.0,141568.75308641975,16.0,98.0,116.0,0.35802469135802467,32.0,0.09876543209876543,42.0,0.12962962962962962,8.0,0.024691358024691357,12.0,0.037037037037037035,0.0,0.0,2.0,13.0,2.0,0.0
fortigate,FGT60ETK19099WM0,2025-10-08,34556.0,34556.0,236.0,203074928.0,860486.9830508474,17.0,55.0,132.0,0.559322033898305,34.0,0.1440677966101695,28.0,0.11864406779661017,4.0,0.01694915254237288,0.0,0.0,0.0,0.0,2.0,13.0,2.0,1.0
fortigate,FGT60ETK19099WM0,2025-10-09,34560.0,34560.0,140.0,57809926.0,412928.04285714286,13.0,33.0,74.0,0.5285714285714286,40.0,0.2857142857142857,2.0,0.014285714285714285,6.0,0.04285714285714286,0.0,0.0,0.0,0.0,3.0,14.0,2.0,1.0
fortigate,FGT60ETK19099WM0,2025-10-10,34556.0,34556.0,152.0,13083610.0,86076.38157894737,14.0,31.0,34.0,0.2236842105263158,58.0,0.3815789473684211,6.0,0.039473684210526314,6.0,0.039473684210526314,0.0,0.0,0.0,0.0,2.0,16.0,2.0,1.0
fortigate,FGT60ETK19099WM0,2025-10-11,34560.0,34560.0,250.0,43985836.0,175943.344,15.0,68.0,78.0,0.312,42.0,0.168,92.0,0.368,6.0,0.024,0.0,0.0,0.0,0.0,2.0,9.0,2.0,1.0
fortigate,FGT60ETK19099WM0,2025-10-12,34556.0,34556.0,134.0,90967596.0,678862.6567164179,10.0,36.0,62.0,0.4626865671641791,22.0,0.16417910447761194,18.0,0.13432835820895522,0.0,0.0,0.0,0.0,0.0,0.0,3.0,10.0,2.0,1.0
fortigate,FGT60ETK19099WM0,2025-10-13,34560.0,34560.0,278.0,79861748396.0,287272476.2446043,14.0,54.0,144.0,0.5179856115107914,46.0,0.16546762589928057,34.0,0.1223021582733813,8.0,0.02877697841726619,0.0,0.0,0.0,0.0,2.0,13.0,2.0,0.0
fortigate,FGT60ETK19099WM0,2025-10-14,34556.0,34556.0,156.0,57498284206.0,368578744.9102564,13.0,32.0,48.0,0.3076923076923077,60.0,0.38461538461538464,16.0,0.10256410256410256,2.0,0.01282051282051282,0.0,0.0,0.0,0.0,2.0,11.0,2.0,0.0
fortigate,FGT60ETK19099WM0,2025-10-15,34556.0,34556.0,118.0,31713024794.0,268754447.40677965,14.0,36.0,32.0,0.2711864406779661,18.0,0.15254237288135594,28.0,0.23728813559322035,8.0,0.06779661016949153,0.0,0.0,0.0,0.0,3.0,9.0,2.0,1.0
fortigate,FGT60ETK19099WM0,2025-10-16,34560.0,34560.0,210.0,5150362.0,24525.533333333333,15.0,69.0,142.0,0.6761904761904762,12.0,0.05714285714285714,28.0,0.13333333333333333,6.0,0.02857142857142857,0.0,0.0,0.0,0.0,2.0,10.0,2.0,0.0
fortigate,FGT60ETK19099WM0,2025-10-17,34556.0,34556.0,164.0,8888170.0,54196.15853658537,16.0,49.0,80.0,0.4878048780487805,20.0,0.12195121951219512,16.0,0.0975609756097561,6.0,0.036585365853658534,10.0,0.06097560975609756,0.0,0.0,3.0,13.0,2.0,1.0
fortigate,FGT60ETK19099WM0,2025-10-18,34560.0,34560.0,226.0,43952648976.0,194480747.68141592,15.0,54.0,120.0,0.5309734513274337,26.0,0.11504424778761062,46.0,0.20353982300884957,12.0,0.05309734513274336,0.0,0.0,0.0,0.0,3.0,12.0,2.0,0.0
fortigate,FGT60ETK19099WM0,2025-10-19,51834.0,51834.0,255.0,139578143580.0,547365268.9411764,9.0,32.0,153.0,0.6,12.0,0.047058823529411764,30.0,0.11764705882352941,15.0,0.058823529411764705,0.0,0.0,0.0,0.0,2.0,7.0,2.0,1.0
fortigate,FGT60ETK19099WM0,2025-10-20,51840.0,51840.0,183.0,70298002410.0,384142089.6721311,12.0,30.0,57.0,0.3114754098360656,27.0,0.14754098360655737,27.0,0.14754098360655737,12.0,0.06557377049180328,6.0,0.03278688524590164,0.0,0.0,2.0,8.0,2.0,0.0
fortigate,FGT60ETK19099WM0,2025-10-21,29226.0,29226.0,173.0,593401081.0,3430064.052023121,16.0,40.0,78.0,0.4508670520231214,24.0,0.13872832369942195,24.0,0.13872832369942195,9.0,0.05202312138728324,3.0,0.017341040462427744,0.0,0.0,2.0,11.0,2.0,1.0
fortigate,FGT80FTK22063366,2025-09-21,34556.0,34556.0,2182.0,3192668864.0,1463184.6306141154,70.0,283.0,608.0,0.27864344637946836,0.0,0.0,258.0,0.11824014665444546,130.0,0.05957836846929423,0.0,0.0,834.0,0.38221814848762603,1.0,10.0,1.0,0.0
fortigate,FGT80FTK22063366,2025-09-22,34560.0,34560.0,1826.0,3214529754.0,1760421.552026287,68.0,255.0,568.0,0.31106243154435925,0.0,0.0,170.0,0.09309967141292443,146.0,0.07995618838992333,0.0,0.0,656.0,0.3592552026286966,1.0,12.0,1.0,0.0
fortigate,FGT80FTK22063366,2025-09-23,34556.0,34556.0,2524.0,1607765246.0,636990.9849445325,69.0,332.0,630.0,0.24960380348652933,0.0,0.0,234.0,0.09270998415213946,134.0,0.05309033280507131,0.0,0.0,1004.0,0.3977812995245642,1.0,9.0,1.0,0.0
fortigate,FGT80FTK22063366,2025-09-24,34560.0,34560.0,1598.0,1108517186.0,693690.354192741,65.0,264.0,512.0,0.32040050062578224,0.0,0.0,172.0,0.10763454317897372,130.0,0.08135168961201501,2.0,0.0012515644555694619,538.0,0.33667083854818525,1.0,6.0,1.0,0.0
fortigate,FGT80FTK22063366,2025-09-25,34556.0,34556.0,1708.0,1614031286.0,944983.1885245901,68.0,265.0,528.0,0.3091334894613583,0.0,0.0,186.0,0.10889929742388758,102.0,0.059718969555035126,0.0,0.0,628.0,0.36768149882903983,1.0,12.0,1.0,0.0
fortigate,FGT80FTK22063366,2025-09-26,34560.0,34560.0,1632.0,1282176156.0,785647.1544117647,69.0,254.0,460.0,0.2818627450980392,0.0,0.0,206.0,0.12622549019607843,146.0,0.08946078431372549,0.0,0.0,568.0,0.3480392156862745,1.0,11.0,1.0,0.0
fortigate,FGT80FTK22063366,2025-09-27,34560.0,34560.0,1614.0,1720351320.0,1065893.0111524165,64.0,266.0,602.0,0.37298636926889717,0.0,0.0,160.0,0.09913258983890955,90.0,0.055762081784386616,0.0,0.0,512.0,0.31722428748451054,1.0,9.0,1.0,0.0
fortigate,FGT80FTK22063366,2025-09-28,34556.0,34556.0,1972.0,2943541968.0,1492668.340770791,72.0,299.0,682.0,0.345841784989858,0.0,0.0,240.0,0.12170385395537525,198.0,0.10040567951318459,0.0,0.0,592.0,0.3002028397565923,1.0,13.0,1.0,0.0
fortigate,FGT80FTK22063366,2025-09-29,34560.0,34560.0,1820.0,2304389864.0,1266148.276923077,67.0,268.0,638.0,0.3505494505494505,0.0,0.0,202.0,0.11098901098901098,112.0,0.06153846153846154,0.0,0.0,578.0,0.31758241758241756,1.0,12.0,1.0,0.0
fortigate,FGT80FTK22063366,2025-09-30,34556.0,34556.0,1642.0,1217625768.0,741550.4068209501,63.0,289.0,490.0,0.2984165651644336,0.0,0.0,152.0,0.0925700365408039,146.0,0.08891595615103533,0.0,0.0,584.0,0.3556638246041413,1.0,9.0,1.0,0.0
fortigate,FGT80FTK22063366,2025-10-01,34560.0,34560.0,1576.0,2718592548.0,1724995.271573604,67.0,268.0,522.0,0.33121827411167515,0.0,0.0,132.0,0.08375634517766498,68.0,0.04314720812182741,0.0,0.0,586.0,0.37182741116751267,1.0,12.0,1.0,0.0
fortigate,FGT80FTK22063366,2025-10-02,34556.0,34556.0,1870.0,1917660562.0,1025486.9315508021,64.0,285.0,520.0,0.27807486631016043,0.0,0.0,204.0,0.10909090909090909,136.0,0.07272727272727272,4.0,0.0021390374331550803,680.0,0.36363636363636365,1.0,12.0,1.0,0.0
fortigate,FGT80FTK22063366,2025-10-03,34560.0,34560.0,1522.0,1094265162.0,718965.2838370565,64.0,244.0,492.0,0.3232588699080158,0.0,0.0,170.0,0.1116951379763469,84.0,0.05519053876478318,0.0,0.0,592.0,0.38896189224704336,1.0,10.0,1.0,0.0
fortigate,FGT80FTK22063366,2025-10-04,34556.0,34556.0,2230.0,3018299330.0,1353497.457399103,70.0,335.0,624.0,0.27982062780269057,0.0,0.0,258.0,0.11569506726457399,166.0,0.07443946188340807,4.0,0.0017937219730941704,914.0,0.4098654708520179,1.0,11.0,1.0,0.0
fortigate,FGT80FTK22063366,2025-10-05,34560.0,34560.0,2070.0,4195364828.0,2026746.2937198067,70.0,298.0,638.0,0.30821256038647343,0.0,0.0,284.0,0.13719806763285025,114.0,0.05507246376811594,0.0,0.0,758.0,0.36618357487922704,1.0,12.0,1.0,0.0
fortigate,FGT80FTK22063366,2025-10-06,34556.0,34556.0,1648.0,2808529538.0,1704204.8167475727,65.0,220.0,534.0,0.32402912621359226,0.0,0.0,200.0,0.12135922330097088,120.0,0.07281553398058252,0.0,0.0,578.0,0.35072815533980584,1.0,9.0,1.0,0.0
fortigate,FGT80FTK22063366,2025-10-07,34560.0,34560.0,1714.0,2640813850.0,1540731.5344224037,65.0,243.0,604.0,0.352392065344224,0.0,0.0,204.0,0.11901983663943991,98.0,0.057176196032672114,0.0,0.0,568.0,0.3313885647607935,1.0,11.0,1.0,0.0
fortigate,FGT80FTK22063366,2025-10-08,34556.0,34556.0,1506.0,2131389572.0,1415265.3200531208,69.0,213.0,526.0,0.34926958831341304,0.0,0.0,186.0,0.12350597609561753,156.0,0.10358565737051793,0.0,0.0,438.0,0.2908366533864542,1.0,11.0,1.0,0.0
fortigate,FGT80FTK22063366,2025-10-09,34560.0,34560.0,1680.0,2047979222.0,1219035.2511904761,66.0,262.0,560.0,0.3333333333333333,0.0,0.0,168.0,0.1,120.0,0.07142857142857142,0.0,0.0,582.0,0.3464285714285714,1.0,11.0,1.0,0.0
fortigate,FGT80FTK22063366,2025-10-10,34556.0,34556.0,1608.0,2101848130.0,1307119.4838308457,65.0,259.0,572.0,0.35572139303482586,0.0,0.0,150.0,0.09328358208955224,112.0,0.06965174129353234,0.0,0.0,594.0,0.3694029850746269,1.0,12.0,1.0,0.0
fortigate,FGT80FTK22063366,2025-10-11,34560.0,34560.0,1786.0,1707202690.0,955880.5655095185,60.0,201.0,530.0,0.2967525195968645,0.0,0.0,334.0,0.187010078387458,72.0,0.040313549832026875,2.0,0.0011198208286674132,646.0,0.3617021276595745,1.0,9.0,1.0,0.0
fortigate,FGT80FTK22063366,2025-10-12,34556.0,34556.0,3068.0,4315869954.0,1406737.2731421122,72.0,319.0,828.0,0.26988265971316816,0.0,0.0,488.0,0.1590612777053455,222.0,0.07235984354628422,0.0,0.0,1200.0,0.39113428943937417,1.0,10.0,1.0,0.0
fortigate,FGT80FTK22063366,2025-10-13,34560.0,34560.0,2358.0,3925771608.0,1664873.455470738,66.0,253.0,702.0,0.29770992366412213,0.0,0.0,482.0,0.20441051738761662,84.0,0.035623409669211195,0.0,0.0,842.0,0.3570822731128075,1.0,10.0,1.0,0.0
fortigate,FGT80FTK22063366,2025-10-14,34556.0,34556.0,2110.0,4819175978.0,2283969.6578199053,63.0,300.0,606.0,0.28720379146919434,0.0,0.0,296.0,0.14028436018957346,136.0,0.06445497630331753,0.0,0.0,834.0,0.395260663507109,1.0,11.0,1.0,0.0
fortigate,FGT80FTK22063366,2025-10-15,34556.0,34556.0,2300.0,3080933346.0,1339536.2373913045,64.0,238.0,516.0,0.22434782608695653,0.0,0.0,414.0,0.18,112.0,0.04869565217391304,0.0,0.0,958.0,0.4165217391304348,1.0,10.0,1.0,0.0
fortigate,FGT80FTK22063366,2025-10-16,34560.0,34560.0,2134.0,600474004.0,281384.2567947516,66.0,240.0,510.0,0.23898781630740393,0.0,0.0,396.0,0.18556701030927836,100.0,0.046860356138706656,0.0,0.0,806.0,0.3776944704779756,1.0,13.0,1.0,0.0
fortigate,FGT80FTK22063366,2025-10-17,34556.0,34556.0,1966.0,2112087606.0,1074307.022380468,61.0,257.0,522.0,0.26551373346897256,0.0,0.0,362.0,0.18413021363173956,104.0,0.052899287894201424,0.0,0.0,732.0,0.3723296032553408,1.0,9.0,1.0,0.0
fortigate,FGT80FTK22063366,2025-10-18,34560.0,34560.0,2460.0,1300362422.0,528602.6105691057,71.0,275.0,630.0,0.25609756097560976,0.0,0.0,542.0,0.22032520325203253,116.0,0.04715447154471545,2.0,0.0008130081300813008,820.0,0.3333333333333333,1.0,11.0,1.0,0.0
fortigate,FGT80FTK22063366,2025-10-19,51834.0,51834.0,3252.0,2126052879.0,653767.7979704797,62.0,245.0,921.0,0.283210332103321,0.0,0.0,546.0,0.16789667896678967,198.0,0.06088560885608856,3.0,0.0009225092250922509,1194.0,0.3671586715867159,1.0,11.0,1.0,0.0
fortigate,FGT80FTK22063366,2025-10-20,51840.0,51840.0,3756.0,2872946976.0,764895.3610223642,70.0,242.0,1062.0,0.2827476038338658,0.0,0.0,852.0,0.2268370607028754,186.0,0.04952076677316294,0.0,0.0,1320.0,0.3514376996805112,1.0,11.0,1.0,0.0
fortigate,FGT80FTK22063366,2025-10-21,29226.0,29226.0,1361.0,1015559320.0,746186.1278471712,58.0,155.0,379.0,0.2784717119764879,0.0,0.0,261.0,0.19177075679647318,99.0,0.07274063188831742,0.0,0.0,437.0,0.32108743570903747,1.0,11.0,1.0,0.0
